/*M!999999\- enable the sandbox mode */ 
-- MariaDB dump 10.19  Distrib 10.6.22-MariaDB, for debian-linux-gnu (x86_64)
--
-- Host: localhost    Database: Users
-- ------------------------------------------------------
-- Server version	10.6.22-MariaDB-0ubuntu0.22.04.1

/*!40101 SET @OLD_CHARACTER_SET_CLIENT=@@CHARACTER_SET_CLIENT */;
/*!40101 SET @OLD_CHARACTER_SET_RESULTS=@@CHARACTER_SET_RESULTS */;
/*!40101 SET @OLD_COLLATION_CONNECTION=@@COLLATION_CONNECTION */;
/*!40101 SET NAMES utf8mb4 */;
/*!40103 SET @OLD_TIME_ZONE=@@TIME_ZONE */;
/*!40103 SET TIME_ZONE='+00:00' */;
/*!40014 SET @OLD_UNIQUE_CHECKS=@@UNIQUE_CHECKS, UNIQUE_CHECKS=0 */;
/*!40014 SET @OLD_FOREIGN_KEY_CHECKS=@@FOREIGN_KEY_CHECKS, FOREIGN_KEY_CHECKS=0 */;
/*!40101 SET @OLD_SQL_MODE=@@SQL_MODE, SQL_MODE='NO_AUTO_VALUE_ON_ZERO' */;
/*!40111 SET @OLD_SQL_NOTES=@@SQL_NOTES, SQL_NOTES=0 */;

--
-- Table structure for table `Audio`
--

DROP TABLE IF EXISTS `Audio`;
/*!40101 SET @saved_cs_client     = @@character_set_client */;
/*!40101 SET character_set_client = utf8mb4 */;
CREATE TABLE `Audio` (
  `Id` varchar(255) DEFAULT NULL,
  `name` varchar(255) DEFAULT NULL,
  `starttime` varchar(255) DEFAULT NULL,
  `endtime` varchar(255) DEFAULT NULL,
  `duration` decimal(6,2) DEFAULT NULL,
  `userid` varchar(255) DEFAULT NULL,
  `path` varchar(255) DEFAULT NULL
) ENGINE=InnoDB DEFAULT CHARSET=utf8mb4 COLLATE=utf8mb4_general_ci;
/*!40101 SET character_set_client = @saved_cs_client */;

--
-- Dumping data for table `Audio`
--

LOCK TABLES `Audio` WRITE;
/*!40000 ALTER TABLE `Audio` DISABLE KEYS */;
INSERT INTO `Audio` VALUES ('mbsw6onhefsnjvanj','Audio_mbsw6onhefsnjvanj','2025-06-12T04:42:08.333Z','2025-06-12T04:43:14.699Z',1.10,'57f11b2cb0758af0dd4f6f0aa827a2d9','users/57f11b2cb0758af0dd4f6f0aa827a2d9/recordings/Audio_mbsw6onhefsnjvanj.webm'),('mbsw8p0vkpb0asde5','Audio_mbsw8p0vkpb0asde5','2025-06-12T04:43:42.127Z','2025-06-12T04:43:46.949Z',0.07,'57f11b2cb0758af0dd4f6f0aa827a2d9','users/57f11b2cb0758af0dd4f6f0aa827a2d9/recordings/Audio_mbsw8p0vkpb0asde5.webm'),('mbsw979h7inw45sy4','Audio_mbsw979h7inw45sy4','2025-06-12T04:44:05.766Z',NULL,0.00,'57f11b2cb0758af0dd4f6f0aa827a2d9','users/57f11b2cb0758af0dd4f6f0aa827a2d9/recordings/Audio_mbsw979h7inw45sy4.webm'),('mbswdaup0k5zm2rp2','Audio_mbswdaup0k5zm2rp2','2025-06-12T04:47:17.041Z',NULL,0.00,'57f11b2cb0758af0dd4f6f0aa827a2d9','users/57f11b2cb0758af0dd4f6f0aa827a2d9/recordings/Audio_mbswdaup0k5zm2rp2.webm'),('mbswhmmpxnsjjt5b7','Audio_mbswhmmpxnsjjt5b7','2025-06-12T04:50:38.929Z','2025-06-12T04:56:30.954Z',5.87,'57f11b2cb0758af0dd4f6f0aa827a2d9','users/57f11b2cb0758af0dd4f6f0aa827a2d9/recordings/Audio_mbswhmmpxnsjjt5b7.webm'),('mbswphosm9foir7br','Audio_mbswphosm9foir7br','2025-06-12T04:56:45.772Z','2025-06-12T05:00:26.833Z',3.68,'57f11b2cb0758af0dd4f6f0aa827a2d9','users/57f11b2cb0758af0dd4f6f0aa827a2d9/recordings/Audio_mbswphosm9foir7br.webm'),('mbsx0vb3moejqc9s2','Audio_mbsx0vb3moejqc9s2','2025-06-12T05:05:36.639Z',NULL,0.00,'57f11b2cb0758af0dd4f6f0aa827a2d9','users/57f11b2cb0758af0dd4f6f0aa827a2d9/recordings/Audio_mbsx0vb3moejqc9s2.webm'),('mbsx1k8v3qpmse8ck','Audio_mbsx1k8v3qpmse8ck','2025-06-12T05:06:08.959Z',NULL,0.00,'57f11b2cb0758af0dd4f6f0aa827a2d9','users/57f11b2cb0758af0dd4f6f0aa827a2d9/recordings/Audio_mbsx1k8v3qpmse8ck.webm'),('mbtpamiv2c9sth77b','Audio_mbtpamiv2c9sth77b','2025-06-12T18:17:01.063Z',NULL,0.00,'57f11b2cb0758af0dd4f6f0aa827a2d9','users/57f11b2cb0758af0dd4f6f0aa827a2d9/recordings/Audio_mbtpamiv2c9sth77b.webm'),('mbtpcyxpzy27kd0j2','Audio_mbtpcyxpzy27kd0j2','2025-06-12T18:18:50.461Z','2025-06-12T18:18:54.912Z',0.07,'57f11b2cb0758af0dd4f6f0aa827a2d9','users/57f11b2cb0758af0dd4f6f0aa827a2d9/recordings/Audio_mbtpcyxpzy27kd0j2.webm'),('mbtpdy57la3q4zlr8','Audio_mbtpdy57la3q4zlr8','2025-06-12T18:19:36.091Z',NULL,0.00,'57f11b2cb0758af0dd4f6f0aa827a2d9','users/57f11b2cb0758af0dd4f6f0aa827a2d9/recordings/Audio_mbtpdy57la3q4zlr8.webm'),('mbtpho07bhkpfgnd0','Audio_mbtpho07bhkpfgnd0','2025-06-12T18:22:29.575Z','2025-06-12T18:22:38.191Z',0.13,'57f11b2cb0758af0dd4f6f0aa827a2d9','users/57f11b2cb0758af0dd4f6f0aa827a2d9/recordings/Audio_mbtpho07bhkpfgnd0.webm'),('mbtpk69687avzldhe','Audio_mbtpk69687avzldhe','2025-06-12T18:24:26.538Z',NULL,0.00,'57f11b2cb0758af0dd4f6f0aa827a2d9','users/57f11b2cb0758af0dd4f6f0aa827a2d9/recordings/Audio_mbtpk69687avzldhe.webm'),('mbtpmx5lhvladh1vc','Audio_mbtpmx5lhvladh1vc','2025-06-12T18:26:34.713Z','2025-06-12T18:26:41.663Z',0.10,'57f11b2cb0758af0dd4f6f0aa827a2d9','users/57f11b2cb0758af0dd4f6f0aa827a2d9/recordings/Audio_mbtpmx5lhvladh1vc.webm'),('mbtpntdv33v44vjau','Audio_mbtpntdv33v44vjau','2025-06-12T18:27:16.484Z',NULL,0.00,'57f11b2cb0758af0dd4f6f0aa827a2d9','users/57f11b2cb0758af0dd4f6f0aa827a2d9/recordings/Audio_mbtpntdv33v44vjau.webm'),('mbtpx8zchkenv0jhc','Audio_mbtpx8zchkenv0jhc','2025-06-12T18:34:36.600Z',NULL,0.00,'57f11b2cb0758af0dd4f6f0aa827a2d9','users/57f11b2cb0758af0dd4f6f0aa827a2d9/recordings/Audio_mbtpx8zchkenv0jhc.webm'),('mbtpy2a65bqlogd5q','Audio_mbtpy2a65bqlogd5q','2025-06-12T18:35:14.574Z',NULL,0.00,'57f11b2cb0758af0dd4f6f0aa827a2d9','users/57f11b2cb0758af0dd4f6f0aa827a2d9/recordings/Audio_mbtpy2a65bqlogd5q.webm'),('mbtq00hyhqekr9z26','Audio_mbtq00hyhqekr9z26','2025-06-12T18:36:45.574Z',NULL,0.00,'57f11b2cb0758af0dd4f6f0aa827a2d9','users/57f11b2cb0758af0dd4f6f0aa827a2d9/recordings/Audio_mbtq00hyhqekr9z26.webm'),('mbtq28lbgppneiz22','Audio_mbtq28lbgppneiz22','2025-06-12T18:38:29.375Z',NULL,0.00,'57f11b2cb0758af0dd4f6f0aa827a2d9','users/57f11b2cb0758af0dd4f6f0aa827a2d9/recordings/Audio_mbtq28lbgppneiz22.webm'),('mbtq3oj4h1496dzi7','Audio_mbtq3oj4h1496dzi7','2025-06-12T18:39:36.688Z',NULL,0.00,'57f11b2cb0758af0dd4f6f0aa827a2d9','users/57f11b2cb0758af0dd4f6f0aa827a2d9/recordings/Audio_mbtq3oj4h1496dzi7.webm'),('mbu8km6mhknxd5k8u','Audio_mbu8km6mhknxd5k8u','2025-06-13T03:16:39.886Z',NULL,0.00,'57f11b2cb0758af0dd4f6f0aa827a2d9','users/57f11b2cb0758af0dd4f6f0aa827a2d9/recordings/Audio_mbu8km6mhknxd5k8u.webm'),('mbu8lslxw0imf1uz0','Audio_mbu8lslxw0imf1uz0','2025-06-13T03:17:34.869Z',NULL,0.00,'57f11b2cb0758af0dd4f6f0aa827a2d9','users/57f11b2cb0758af0dd4f6f0aa827a2d9/recordings/Audio_mbu8lslxw0imf1uz0.webm'),('mbu9p1243mugln8xy','Audio_mbu9p1243mugln8xy','2025-06-13T03:48:05.404Z','2025-06-13T03:48:30.231Z',0.40,'57f11b2cb0758af0dd4f6f0aa827a2d9','users/57f11b2cb0758af0dd4f6f0aa827a2d9/recordings/Audio_mbu9p1243mugln8xy.webm'),('mbu9qljdizcw1vso5','Audio_mbu9qljdizcw1vso5','2025-06-13T03:49:18.601Z','2025-06-13T03:49:36.742Z',0.30,'57f11b2cb0758af0dd4f6f0aa827a2d9','users/57f11b2cb0758af0dd4f6f0aa827a2d9/recordings/Audio_mbu9qljdizcw1vso5.webm'),('mbu9wqxxfgalk6sq3','Audio_mbu9wqxxfgalk6sq3','2025-06-13T03:54:05.541Z',NULL,0.00,'57f11b2cb0758af0dd4f6f0aa827a2d9','users/57f11b2cb0758af0dd4f6f0aa827a2d9/recordings/Audio_mbu9wqxxfgalk6sq3.webm'),('mbu9yb8uau6prrnhp','Audio_mbu9yb8uau6prrnhp','2025-06-13T03:55:18.510Z',NULL,0.00,'57f11b2cb0758af0dd4f6f0aa827a2d9','users/57f11b2cb0758af0dd4f6f0aa827a2d9/recordings/Audio_mbu9yb8uau6prrnhp.webm'),('mbua1fnt4jr7zy1ev','Audio_mbua1fnt4jr7zy1ev','2025-06-13T03:57:44.201Z',NULL,0.00,'57f11b2cb0758af0dd4f6f0aa827a2d9','users/57f11b2cb0758af0dd4f6f0aa827a2d9/recordings/Audio_mbua1fnt4jr7zy1ev.webm'),('mbua2ymlqkuqmrrk8','Audio_mbua2ymlqkuqmrrk8','2025-06-13T03:58:55.437Z',NULL,0.00,'57f11b2cb0758af0dd4f6f0aa827a2d9','users/57f11b2cb0758af0dd4f6f0aa827a2d9/recordings/Audio_mbua2ymlqkuqmrrk8.webm'),('mbua4ypqs260bgoef','Audio_mbua4ypqs260bgoef','2025-06-13T04:00:28.862Z',NULL,0.00,'57f11b2cb0758af0dd4f6f0aa827a2d9','users/57f11b2cb0758af0dd4f6f0aa827a2d9/recordings/Audio_mbua4ypqs260bgoef.webm'),('mbua6pmv5rxeu75xb','Audio_mbua6pmv5rxeu75xb','2025-06-13T04:01:50.407Z',NULL,0.00,'57f11b2cb0758af0dd4f6f0aa827a2d9','users/57f11b2cb0758af0dd4f6f0aa827a2d9/recordings/Audio_mbua6pmv5rxeu75xb.webm'),('mbua8929ipmhddr8d','Audio_mbua8929ipmhddr8d','2025-06-13T04:03:02.241Z',NULL,0.00,'57f11b2cb0758af0dd4f6f0aa827a2d9','users/57f11b2cb0758af0dd4f6f0aa827a2d9/recordings/Audio_mbua8929ipmhddr8d.webm'),('mbut89ns6yp1mzlg2','Audio_mbut89ns6yp1mzlg2','2025-06-13T12:54:55.720Z',NULL,0.00,'57f11b2cb0758af0dd4f6f0aa827a2d9','users/57f11b2cb0758af0dd4f6f0aa827a2d9/recordings/Audio_mbut89ns6yp1mzlg2.webm'),('mbutdaf6tphgqih79','Audio_mbutdaf6tphgqih79','2025-06-13T12:58:49.986Z','2025-06-13T12:59:01.105Z',0.18,'57f11b2cb0758af0dd4f6f0aa827a2d9','users/57f11b2cb0758af0dd4f6f0aa827a2d9/recordings/Audio_mbutdaf6tphgqih79.webm'),('mbutdmo0smhvokljz','Audio_mbutdmo0smhvokljz','2025-06-13T12:59:05.856Z','2025-06-13T12:59:10.914Z',0.08,'57f11b2cb0758af0dd4f6f0aa827a2d9','users/57f11b2cb0758af0dd4f6f0aa827a2d9/recordings/Audio_mbutdmo0smhvokljz.webm'),('mbutds0knadimi7pw','Audio_mbutds0knadimi7pw','2025-06-13T12:59:12.788Z','2025-06-13T12:59:16.616Z',0.05,'57f11b2cb0758af0dd4f6f0aa827a2d9','users/57f11b2cb0758af0dd4f6f0aa827a2d9/recordings/Audio_mbutds0knadimi7pw.webm'),('mbuth9m64irsuujrh','Audio_mbuth9m64irsuujrh','2025-06-13T13:01:55.566Z','2025-06-13T13:02:00.638Z',0.08,'57f11b2cb0758af0dd4f6f0aa827a2d9','users/57f11b2cb0758af0dd4f6f0aa827a2d9/recordings/Audio_mbuth9m64irsuujrh.webm'),('mbuthrsgjnh8jps38','Audio_mbuthrsgjnh8jps38','2025-06-13T13:02:19.120Z','2025-06-13T13:02:35.294Z',0.27,'57f11b2cb0758af0dd4f6f0aa827a2d9','users/57f11b2cb0758af0dd4f6f0aa827a2d9/recordings/Audio_mbuthrsgjnh8jps38.webm'),('mbuti79dgujlorolc','Audio_mbuti79dgujlorolc','2025-06-13T13:02:39.169Z','2025-06-13T13:02:40.269Z',0.02,'57f11b2cb0758af0dd4f6f0aa827a2d9','users/57f11b2cb0758af0dd4f6f0aa827a2d9/recordings/Audio_mbuti79dgujlorolc.webm'),('mbutk40h35byiv66i','Audio_mbutk40h35byiv66i','2025-06-13T13:04:08.273Z','2025-06-13T13:04:51.905Z',0.72,'57f11b2cb0758af0dd4f6f0aa827a2d9','users/57f11b2cb0758af0dd4f6f0aa827a2d9/recordings/Audio_mbutk40h35byiv66i.webm'),('mbuto2pa2p9lsv8ie','Audio_mbuto2pa2p9lsv8ie','2025-06-13T13:07:13.198Z','2025-06-13T13:07:45.047Z',0.52,'57f11b2cb0758af0dd4f6f0aa827a2d9','users/57f11b2cb0758af0dd4f6f0aa827a2d9/recordings/Audio_mbuto2pa2p9lsv8ie.webm'),('mbutose9jmdnlflw0','Audio_mbutose9jmdnlflw0','2025-06-13T13:07:46.497Z','2025-06-13T13:07:48.744Z',0.03,'57f11b2cb0758af0dd4f6f0aa827a2d9','users/57f11b2cb0758af0dd4f6f0aa827a2d9/recordings/Audio_mbutose9jmdnlflw0.webm'),('mbutpnbxt9eqys0zg','Audio_mbutpnbxt9eqys0zg','2025-06-13T13:08:26.589Z','2025-06-13T13:08:29.446Z',0.03,'57f11b2cb0758af0dd4f6f0aa827a2d9','users/57f11b2cb0758af0dd4f6f0aa827a2d9/recordings/Audio_mbutpnbxt9eqys0zg.webm'),('mbutufrhtbkkl26p4','Audio_mbutufrhtbkkl26p4','2025-06-13T13:12:10.061Z','2025-06-13T13:12:16.433Z',0.10,'57f11b2cb0758af0dd4f6f0aa827a2d9','users/57f11b2cb0758af0dd4f6f0aa827a2d9/recordings/Audio_mbutufrhtbkkl26p4.webm'),('mbutumdp2movzqzbx','Audio_mbutumdp2movzqzbx','2025-06-13T13:12:18.637Z','2025-06-13T13:12:21.370Z',0.03,'57f11b2cb0758af0dd4f6f0aa827a2d9','users/57f11b2cb0758af0dd4f6f0aa827a2d9/recordings/Audio_mbutumdp2movzqzbx.webm'),('mbutvvjcfz0cr3r1t','Audio_mbutvvjcfz0cr3r1t','2025-06-13T13:13:17.160Z',NULL,0.00,'57f11b2cb0758af0dd4f6f0aa827a2d9','users/57f11b2cb0758af0dd4f6f0aa827a2d9/recordings/Audio_mbutvvjcfz0cr3r1t.webm'),('mbutx0g0npcljfdxi','Audio_mbutx0g0npcljfdxi','2025-06-13T13:14:10.176Z',NULL,0.00,'57f11b2cb0758af0dd4f6f0aa827a2d9','users/57f11b2cb0758af0dd4f6f0aa827a2d9/recordings/Audio_mbutx0g0npcljfdxi.webm'),('mbutza4ggegbhmubi','Audio_mbutza4ggegbhmubi','2025-06-13T13:15:56.032Z',NULL,0.00,'57f11b2cb0758af0dd4f6f0aa827a2d9','users/57f11b2cb0758af0dd4f6f0aa827a2d9/recordings/Audio_mbutza4ggegbhmubi.webm'),('mbuu3rmswpy3lw09b','Audio_mbuu3rmswpy3lw09b','2025-06-13T13:19:25.348Z',NULL,0.00,'57f11b2cb0758af0dd4f6f0aa827a2d9','users/57f11b2cb0758af0dd4f6f0aa827a2d9/recordings/Audio_mbuu3rmswpy3lw09b.webm'),('mbuueaxzltbxxf2a4','Audio_mbuueaxzltbxxf2a4','2025-06-13T13:27:36.935Z',NULL,0.00,'57f11b2cb0758af0dd4f6f0aa827a2d9','users/57f11b2cb0758af0dd4f6f0aa827a2d9/recordings/Audio_mbuueaxzltbxxf2a4.webm'),('mbuv2ccqxzqluq6pt','Audio_mbuv2ccqxzqluq6pt','2025-06-13T13:46:18.506Z',NULL,0.00,'57f11b2cb0758af0dd4f6f0aa827a2d9','users/57f11b2cb0758af0dd4f6f0aa827a2d9/recordings/Audio_mbuv2ccqxzqluq6pt.webm'),('mbv3214skkju8ksls','Audio_mbv3214skkju8ksls','2025-06-13T17:30:00.892Z',NULL,0.00,'57f11b2cb0758af0dd4f6f0aa827a2d9','users/57f11b2cb0758af0dd4f6f0aa827a2d9/recordings/Audio_mbv3214skkju8ksls.webm'),('mbv38cmiw7xc3p8ll','Audio_mbv38cmiw7xc3p8ll','2025-06-13T17:34:55.722Z',NULL,0.00,'57f11b2cb0758af0dd4f6f0aa827a2d9','users/57f11b2cb0758af0dd4f6f0aa827a2d9/recordings/Audio_mbv38cmiw7xc3p8ll.webm'),('mbv3qnmixj8vu7jt5','Audio_mbv3qnmixj8vu7jt5','2025-06-13T17:49:09.786Z',NULL,0.00,'57f11b2cb0758af0dd4f6f0aa827a2d9','users/57f11b2cb0758af0dd4f6f0aa827a2d9/recordings/Audio_mbv3qnmixj8vu7jt5.webm'),('mbv5u5tkcdk6sbrp1','Audio_mbv5u5tkcdk6sbrp1','2025-06-13T18:47:52.568Z',NULL,0.00,'57f11b2cb0758af0dd4f6f0aa827a2d9','users/57f11b2cb0758af0dd4f6f0aa827a2d9/recordings/Audio_mbv5u5tkcdk6sbrp1.webm'),('mbvge0zmu362bqdrz','Audio_mbvge0zmu362bqdrz','2025-06-13T23:43:15.586Z','2025-06-13T23:43:30.248Z',0.23,'57f11b2cb0758af0dd4f6f0aa827a2d9','users/57f11b2cb0758af0dd4f6f0aa827a2d9/recordings/Audio_mbvge0zmu362bqdrz.webm'),('mbvgg4bxs86ehti2h','Audio_mbvgg4bxs86ehti2h','2025-06-13T23:44:53.229Z','2025-06-13T23:45:13.282Z',0.33,'57f11b2cb0758af0dd4f6f0aa827a2d9','users/57f11b2cb0758af0dd4f6f0aa827a2d9/recordings/Audio_mbvgg4bxs86ehti2h.webm'),('mbvgjb768wd5crowx','Audio_mbvgjb768wd5crowx','2025-06-13T23:47:22.098Z',NULL,0.00,'57f11b2cb0758af0dd4f6f0aa827a2d9','users/57f11b2cb0758af0dd4f6f0aa827a2d9/recordings/Audio_mbvgjb768wd5crowx.webm'),('mbvgnqhsxk3u4ffuz','Audio_mbvgnqhsxk3u4ffuz','2025-06-13T23:50:48.544Z',NULL,0.00,'57f11b2cb0758af0dd4f6f0aa827a2d9','users/57f11b2cb0758af0dd4f6f0aa827a2d9/recordings/Audio_mbvgnqhsxk3u4ffuz.webm'),('mbvgp1pzj2iko53il','Audio_mbvgp1pzj2iko53il','2025-06-13T23:51:49.751Z','2025-06-13T23:51:59.363Z',0.15,'57f11b2cb0758af0dd4f6f0aa827a2d9','users/57f11b2cb0758af0dd4f6f0aa827a2d9/recordings/Audio_mbvgp1pzj2iko53il.webm'),('mbvgtrin0dzjoumvc','Audio_mbvgtrin0dzjoumvc','2025-06-13T23:55:29.807Z','2025-06-13T23:55:34.034Z',0.07,'57f11b2cb0758af0dd4f6f0aa827a2d9','users/57f11b2cb0758af0dd4f6f0aa827a2d9/recordings/Audio_mbvgtrin0dzjoumvc.webm'),('mbvhdpv7v8zksiu8t','Audio_mbvhdpv7v8zksiu8t','2025-06-14T00:11:00.787Z','2025-06-14T00:11:35.267Z',0.57,'57f11b2cb0758af0dd4f6f0aa827a2d9','users/57f11b2cb0758af0dd4f6f0aa827a2d9/recordings/Audio_mbvhdpv7v8zksiu8t.webm'),('mbvie23wyaars64gc','Audio_mbvie23wyaars64gc','2025-06-14T00:39:16.268Z','2025-06-14T00:39:29.363Z',0.22,'57f11b2cb0758af0dd4f6f0aa827a2d9','users/57f11b2cb0758af0dd4f6f0aa827a2d9/recordings/Audio_mbvie23wyaars64gc.webm'),('mbviokyxyltlf8rn3','Audio_mbviokyxyltlf8rn3','2025-06-14T00:47:27.273Z','2025-06-14T00:47:35.314Z',0.13,'57f11b2cb0758af0dd4f6f0aa827a2d9','users/57f11b2cb0758af0dd4f6f0aa827a2d9/recordings/Audio_mbviokyxyltlf8rn3.webm'),('mbvirzeiwqc1s1psf','Audio_mbvirzeiwqc1s1psf','2025-06-14T00:50:05.946Z','2025-06-14T00:50:09.447Z',0.05,'57f11b2cb0758af0dd4f6f0aa827a2d9','users/57f11b2cb0758af0dd4f6f0aa827a2d9/recordings/Audio_mbvirzeiwqc1s1psf.webm'),('mbviwb06yxtxc07ij','Audio_mbviwb06yxtxc07ij','2025-06-14T00:53:27.606Z','2025-06-14T00:53:33.766Z',0.10,'57f11b2cb0758af0dd4f6f0aa827a2d9','users/57f11b2cb0758af0dd4f6f0aa827a2d9/recordings/Audio_mbviwb06yxtxc07ij.webm'),('mbviz2eld3a7nyo6z','Audio_mbviz2eld3a7nyo6z','2025-06-14T00:55:36.429Z','2025-06-14T00:55:38.954Z',0.03,'57f11b2cb0758af0dd4f6f0aa827a2d9','users/57f11b2cb0758af0dd4f6f0aa827a2d9/recordings/Audio_mbviz2eld3a7nyo6z.webm'),('mbvj78jaae8zcxvt7','Audio_mbvj78jaae8zcxvt7','2025-06-14T01:01:57.622Z','2025-06-14T01:02:01.733Z',0.07,'57f11b2cb0758af0dd4f6f0aa827a2d9','users/57f11b2cb0758af0dd4f6f0aa827a2d9/recordings/Audio_mbvj78jaae8zcxvt7.webm'),('mbvj96yjxhrvdki1r','Audio_mbvj96yjxhrvdki1r','2025-06-14T01:03:28.891Z','2025-06-14T01:03:32.800Z',0.05,'57f11b2cb0758af0dd4f6f0aa827a2d9','users/57f11b2cb0758af0dd4f6f0aa827a2d9/recordings/Audio_mbvj96yjxhrvdki1r.webm'),('mbvji1m3uvxbms54b','Audio_mbvji1m3uvxbms54b','2025-06-14T01:10:21.867Z','2025-06-14T01:10:24.487Z',0.03,'57f11b2cb0758af0dd4f6f0aa827a2d9','users/57f11b2cb0758af0dd4f6f0aa827a2d9/recordings/Audio_mbvji1m3uvxbms54b.webm'),('mbvjj37cu02oyw7xi','Audio_mbvjj37cu02oyw7xi','2025-06-14T01:11:10.584Z','2025-06-14T01:11:17.119Z',0.10,'57f11b2cb0758af0dd4f6f0aa827a2d9','users/57f11b2cb0758af0dd4f6f0aa827a2d9/recordings/Audio_mbvjj37cu02oyw7xi.webm'),('mbvjjj5kprxesh2ua','Audio_mbvjjj5kprxesh2ua','2025-06-14T01:11:31.256Z','2025-06-14T01:11:34.378Z',0.05,'57f11b2cb0758af0dd4f6f0aa827a2d9','users/57f11b2cb0758af0dd4f6f0aa827a2d9/recordings/Audio_mbvjjj5kprxesh2ua.webm'),('mbvjwekp8sv4j1s40','Audio_mbvjwekp8sv4j1s40','2025-06-14T01:21:31.849Z','2025-06-14T01:21:34.646Z',0.03,'57f11b2cb0758af0dd4f6f0aa827a2d9','users/57f11b2cb0758af0dd4f6f0aa827a2d9/recordings/Audio_mbvjwekp8sv4j1s40.webm'),('mbvkz371mrxtqesqd','Audio_mbvkz371mrxtqesqd','2025-06-14T01:51:36.685Z',NULL,0.00,'57f11b2cb0758af0dd4f6f0aa827a2d9','users/57f11b2cb0758af0dd4f6f0aa827a2d9/recordings/Audio_mbvkz371mrxtqesqd.webm'),('mbvl2fvr1mtfbu49v','Audio_mbvl2fvr1mtfbu49v','2025-06-14T01:54:13.095Z','2025-06-14T01:54:17.114Z',0.07,'57f11b2cb0758af0dd4f6f0aa827a2d9','users/57f11b2cb0758af0dd4f6f0aa827a2d9/recordings/Audio_mbvl2fvr1mtfbu49v.webm'),('mbvl2rgrkx5g8iqyv','Audio_mbvl2rgrkx5g8iqyv','2025-06-14T01:54:28.107Z','2025-06-14T01:54:29.807Z',0.02,'57f11b2cb0758af0dd4f6f0aa827a2d9','users/57f11b2cb0758af0dd4f6f0aa827a2d9/recordings/Audio_mbvl2rgrkx5g8iqyv.webm'),('mbvlnzb7u4fjlj11n','Audio_mbvlnzb7u4fjlj11n','2025-06-14T02:10:58.051Z',NULL,0.00,'57f11b2cb0758af0dd4f6f0aa827a2d9','users/57f11b2cb0758af0dd4f6f0aa827a2d9/recordings/Audio_mbvlnzb7u4fjlj11n.webm'),('mbvlofpjdei2b23r0','Audio_mbvlofpjdei2b23r0','2025-06-14T02:11:19.303Z',NULL,0.00,'57f11b2cb0758af0dd4f6f0aa827a2d9','users/57f11b2cb0758af0dd4f6f0aa827a2d9/recordings/Audio_mbvlofpjdei2b23r0.webm'),('mbvlq0cr5v09xc8st','Audio_mbvlq0cr5v09xc8st','2025-06-14T02:12:32.715Z','2025-06-14T02:12:40.328Z',0.12,'57f11b2cb0758af0dd4f6f0aa827a2d9','users/57f11b2cb0758af0dd4f6f0aa827a2d9/recordings/Audio_mbvlq0cr5v09xc8st.webm'),('mbvlq8you3lkbnmuf','Audio_mbvlq8you3lkbnmuf','2025-06-14T02:12:43.872Z','2025-06-14T02:12:45.757Z',0.02,'57f11b2cb0758af0dd4f6f0aa827a2d9','users/57f11b2cb0758af0dd4f6f0aa827a2d9/recordings/Audio_mbvlq8you3lkbnmuf.webm'),('mbvlqnewiwig7wm6r','Audio_mbvlqnewiwig7wm6r','2025-06-14T02:13:02.600Z','2025-06-14T02:13:04.938Z',0.03,'57f11b2cb0758af0dd4f6f0aa827a2d9','users/57f11b2cb0758af0dd4f6f0aa827a2d9/recordings/Audio_mbvlqnewiwig7wm6r.webm'),('mbvlqrc452hu1sdio','Audio_mbvlqrc452hu1sdio','2025-06-14T02:13:07.684Z','2025-06-14T02:13:11.140Z',0.05,'57f11b2cb0758af0dd4f6f0aa827a2d9','users/57f11b2cb0758af0dd4f6f0aa827a2d9/recordings/Audio_mbvlqrc452hu1sdio.webm'),('mbvlra0u1g8sp582g','Audio_mbvlra0u1g8sp582g','2025-06-14T02:13:31.902Z','2025-06-14T02:13:33.977Z',0.03,'57f11b2cb0758af0dd4f6f0aa827a2d9','users/57f11b2cb0758af0dd4f6f0aa827a2d9/recordings/Audio_mbvlra0u1g8sp582g.webm'),('mbvm68zo1fcionphc','Audio_mbvm68zo1fcionphc','2025-06-14T02:25:10.404Z',NULL,0.00,'57f11b2cb0758af0dd4f6f0aa827a2d9','users/57f11b2cb0758af0dd4f6f0aa827a2d9/recordings/Audio_mbvm68zo1fcionphc.webm'),('mbvmkdyvc1w3k42de','Audio_mbvmkdyvc1w3k42de','2025-06-14T02:36:10.039Z',NULL,0.00,'57f11b2cb0758af0dd4f6f0aa827a2d9','users/57f11b2cb0758af0dd4f6f0aa827a2d9/recordings/Audio_mbvmkdyvc1w3k42de.webm'),('mbvmne8nivfcb56ui','Audio_mbvmne8nivfcb56ui','2025-06-14T02:38:30.359Z',NULL,0.00,'57f11b2cb0758af0dd4f6f0aa827a2d9','users/57f11b2cb0758af0dd4f6f0aa827a2d9/recordings/Audio_mbvmne8nivfcb56ui.webm'),('mbvmuehmdvq9miadk','Audio_mbvmuehmdvq9miadk','2025-06-14T02:43:57.274Z',NULL,0.00,'57f11b2cb0758af0dd4f6f0aa827a2d9','users/57f11b2cb0758af0dd4f6f0aa827a2d9/recordings/Audio_mbvmuehmdvq9miadk.webm'),('mbvmuxpld4m97s2xe','Audio_mbvmuxpld4m97s2xe','2025-06-14T02:44:22.185Z',NULL,0.00,'57f11b2cb0758af0dd4f6f0aa827a2d9','users/57f11b2cb0758af0dd4f6f0aa827a2d9/recordings/Audio_mbvmuxpld4m97s2xe.webm'),('mbvmwa2xtdwq757kg','Audio_mbvmwa2xtdwq757kg','2025-06-14T02:45:24.873Z',NULL,0.00,'57f11b2cb0758af0dd4f6f0aa827a2d9','users/57f11b2cb0758af0dd4f6f0aa827a2d9/recordings/Audio_mbvmwa2xtdwq757kg.webm'),('mbvoin392qiynq0em','Audio_mbvoin392qiynq0em','2025-06-14T03:30:47.781Z','2025-06-14T03:30:53.801Z',0.10,'57f11b2cb0758af0dd4f6f0aa827a2d9','users/57f11b2cb0758af0dd4f6f0aa827a2d9/recordings/Audio_mbvoin392qiynq0em.webm'),('mbvojisblzgawgo72','Audio_mbvojisblzgawgo72','2025-06-14T03:31:28.859Z',NULL,0.00,'57f11b2cb0758af0dd4f6f0aa827a2d9','users/57f11b2cb0758af0dd4f6f0aa827a2d9/recordings/Audio_mbvojisblzgawgo72.webm'),('mbvomdtm6z9ropp20','Audio_mbvomdtm6z9ropp20','2025-06-14T03:33:42.394Z',NULL,0.00,'57f11b2cb0758af0dd4f6f0aa827a2d9','users/57f11b2cb0758af0dd4f6f0aa827a2d9/recordings/Audio_mbvomdtm6z9ropp20.webm'),('mbvomkt9p72cjondi','Audio_mbvomkt9p72cjondi','2025-06-14T03:33:51.453Z',NULL,0.00,'57f11b2cb0758af0dd4f6f0aa827a2d9','users/57f11b2cb0758af0dd4f6f0aa827a2d9/recordings/Audio_mbvomkt9p72cjondi.webm'),('mbvpgtt085o8dyc8g','Audio_mbvpgtt085o8dyc8g','2025-06-14T03:57:22.788Z',NULL,0.00,'57f11b2cb0758af0dd4f6f0aa827a2d9','users/57f11b2cb0758af0dd4f6f0aa827a2d9/recordings/Audio_mbvpgtt085o8dyc8g.webm'),('mbvpjijs11fba77r9','Audio_mbvpjijs11fba77r9','2025-06-14T03:59:28.168Z',NULL,0.00,'57f11b2cb0758af0dd4f6f0aa827a2d9','users/57f11b2cb0758af0dd4f6f0aa827a2d9/recordings/Audio_mbvpjijs11fba77r9.webm'),('mbvpk3n0f1tp2emfb','Audio_mbvpk3n0f1tp2emfb','2025-06-14T03:59:55.500Z',NULL,0.00,'57f11b2cb0758af0dd4f6f0aa827a2d9','users/57f11b2cb0758af0dd4f6f0aa827a2d9/recordings/Audio_mbvpk3n0f1tp2emfb.webm'),('mbvplxqz6ttktam3j','Audio_mbvplxqz6ttktam3j','2025-06-14T04:01:21.179Z',NULL,0.00,'57f11b2cb0758af0dd4f6f0aa827a2d9','users/57f11b2cb0758af0dd4f6f0aa827a2d9/recordings/Audio_mbvplxqz6ttktam3j.webm'),('mbvpmcqq15b4iuzm0','Audio_mbvpmcqq15b4iuzm0','2025-06-14T04:01:40.610Z',NULL,0.00,'57f11b2cb0758af0dd4f6f0aa827a2d9','users/57f11b2cb0758af0dd4f6f0aa827a2d9/recordings/Audio_mbvpmcqq15b4iuzm0.webm'),('mbvpn30fgiek2uphi','Audio_mbvpn30fgiek2uphi','2025-06-14T04:02:14.655Z',NULL,0.00,'57f11b2cb0758af0dd4f6f0aa827a2d9','users/57f11b2cb0758af0dd4f6f0aa827a2d9/recordings/Audio_mbvpn30fgiek2uphi.webm'),('mbvpor9hzlflxtrgp','Audio_mbvpor9hzlflxtrgp','2025-06-14T04:03:32.741Z','2025-06-14T04:03:34.550Z',0.02,'57f11b2cb0758af0dd4f6f0aa827a2d9','users/57f11b2cb0758af0dd4f6f0aa827a2d9/recordings/Audio_mbvpor9hzlflxtrgp.webm'),('mbvpp731fne774sc1','Audio_mbvpp731fne774sc1','2025-06-14T04:03:53.245Z','2025-06-14T04:03:55.191Z',0.02,'57f11b2cb0758af0dd4f6f0aa827a2d9','users/57f11b2cb0758af0dd4f6f0aa827a2d9/recordings/Audio_mbvpp731fne774sc1.webm'),('mbvpplwbzw16xvbxh','Audio_mbvpplwbzw16xvbxh','2025-06-14T04:04:12.443Z',NULL,0.00,'57f11b2cb0758af0dd4f6f0aa827a2d9','users/57f11b2cb0758af0dd4f6f0aa827a2d9/recordings/Audio_mbvpplwbzw16xvbxh.webm'),('mbvpq9xm5hv98uowm','Audio_mbvpq9xm5hv98uowm','2025-06-14T04:04:43.594Z',NULL,0.00,'57f11b2cb0758af0dd4f6f0aa827a2d9','users/57f11b2cb0758af0dd4f6f0aa827a2d9/recordings/Audio_mbvpq9xm5hv98uowm.webm'),('mbvpr5du4gjayz435','Audio_mbvpr5du4gjayz435','2025-06-14T04:05:24.354Z',NULL,0.00,'57f11b2cb0758af0dd4f6f0aa827a2d9','users/57f11b2cb0758af0dd4f6f0aa827a2d9/recordings/Audio_mbvpr5du4gjayz435.webm'),('mbvpt5laindo6zixp','Audio_mbvpt5laindo6zixp','2025-06-14T04:06:57.934Z',NULL,0.00,'57f11b2cb0758af0dd4f6f0aa827a2d9','users/57f11b2cb0758af0dd4f6f0aa827a2d9/recordings/Audio_mbvpt5laindo6zixp.webm'),('mbvpu8h367ke6lj41','Audio_mbvpu8h367ke6lj41','2025-06-14T04:07:48.327Z',NULL,0.00,'57f11b2cb0758af0dd4f6f0aa827a2d9','users/57f11b2cb0758af0dd4f6f0aa827a2d9/recordings/Audio_mbvpu8h367ke6lj41.webm'),('mbvpup0e38p7coftq','Audio_mbvpup0e38p7coftq','2025-06-14T04:08:09.758Z',NULL,0.00,'57f11b2cb0758af0dd4f6f0aa827a2d9','users/57f11b2cb0758af0dd4f6f0aa827a2d9/recordings/Audio_mbvpup0e38p7coftq.webm'),('mbvpv82ecctukdl9b','Audio_mbvpv82ecctukdl9b','2025-06-14T04:08:34.454Z',NULL,0.00,'57f11b2cb0758af0dd4f6f0aa827a2d9','users/57f11b2cb0758af0dd4f6f0aa827a2d9/recordings/Audio_mbvpv82ecctukdl9b.webm'),('mbvpw50uv2cbjaxf0','Audio_mbvpw50uv2cbjaxf0','2025-06-14T04:09:17.166Z',NULL,0.00,'57f11b2cb0758af0dd4f6f0aa827a2d9','users/57f11b2cb0758af0dd4f6f0aa827a2d9/recordings/Audio_mbvpw50uv2cbjaxf0.webm'),('mbvrqeewi53tebozr','Audio_mbvrqeewi53tebozr','2025-06-14T05:00:48.632Z',NULL,0.00,'57f11b2cb0758af0dd4f6f0aa827a2d9','users/57f11b2cb0758af0dd4f6f0aa827a2d9/recordings/Audio_mbvrqeewi53tebozr.webm'),('mbvrrd44e5fykpxgn','Audio_mbvrrd44e5fykpxgn','2025-06-14T05:01:33.604Z',NULL,0.00,'57f11b2cb0758af0dd4f6f0aa827a2d9','users/57f11b2cb0758af0dd4f6f0aa827a2d9/recordings/Audio_mbvrrd44e5fykpxgn.webm'),('mbvrw5mn68mya3rnj','Audio_mbvrw5mn68mya3rnj','2025-06-14T05:05:17.183Z',NULL,0.00,'57f11b2cb0758af0dd4f6f0aa827a2d9','users/57f11b2cb0758af0dd4f6f0aa827a2d9/recordings/Audio_mbvrw5mn68mya3rnj.webm'),('mbvs2tcr1akq24ckl','Audio_mbvs2tcr1akq24ckl','2025-06-14T05:10:27.867Z','2025-06-14T05:10:32.605Z',0.07,'57f11b2cb0758af0dd4f6f0aa827a2d9','users/57f11b2cb0758af0dd4f6f0aa827a2d9/recordings/Audio_mbvs2tcr1akq24ckl.webm'),('mbvs7e5bbvirqlkdt','Audio_mbvs7e5bbvirqlkdt','2025-06-14T05:14:01.439Z','2025-06-14T05:14:07.692Z',0.10,'57f11b2cb0758af0dd4f6f0aa827a2d9','users/57f11b2cb0758af0dd4f6f0aa827a2d9/recordings/Audio_mbvs7e5bbvirqlkdt.webm'),('mbvs9dwfpe6q9mi5v','Audio_mbvs9dwfpe6q9mi5v','2025-06-14T05:15:34.431Z','2025-06-14T05:15:41.855Z',0.12,'57f11b2cb0758af0dd4f6f0aa827a2d9','users/57f11b2cb0758af0dd4f6f0aa827a2d9/recordings/Audio_mbvs9dwfpe6q9mi5v.webm'),('mbvsf4pldurhvi2tm','Audio_mbvsf4pldurhvi2tm','2025-06-14T05:20:02.457Z','2025-06-14T05:20:07.623Z',0.08,'57f11b2cb0758af0dd4f6f0aa827a2d9','users/57f11b2cb0758af0dd4f6f0aa827a2d9/recordings/Audio_mbvsf4pldurhvi2tm.webm'),('mbvsgv772j0ryj2v7','Audio_mbvsgv772j0ryj2v7','2025-06-14T05:21:23.443Z','2025-06-14T05:21:30.938Z',0.12,'57f11b2cb0758af0dd4f6f0aa827a2d9','users/57f11b2cb0758af0dd4f6f0aa827a2d9/recordings/Audio_mbvsgv772j0ryj2v7.webm'),('mbvsli7wc65w1o4j3','Audio_mbvsli7wc65w1o4j3','2025-06-14T05:24:59.900Z','2025-06-14T05:48:59.840Z',23.98,'57f11b2cb0758af0dd4f6f0aa827a2d9','users/57f11b2cb0758af0dd4f6f0aa827a2d9/recordings/Audio_mbvsli7wc65w1o4j3.webm'),('mbvth096qn7rr5k1v','Audio_mbvth096qn7rr5k1v','2025-06-14T05:49:29.610Z',NULL,0.00,'57f11b2cb0758af0dd4f6f0aa827a2d9','users/57f11b2cb0758af0dd4f6f0aa827a2d9/recordings/Audio_mbvth096qn7rr5k1v.webm'),('mbvthavq766zigqlm','Audio_mbvthavq766zigqlm','2025-06-14T05:49:43.382Z',NULL,0.00,'57f11b2cb0758af0dd4f6f0aa827a2d9','users/57f11b2cb0758af0dd4f6f0aa827a2d9/recordings/Audio_mbvthavq766zigqlm.webm'),('mbvtklcpapnyprj1g','Audio_mbvtklcpapnyprj1g','2025-06-14T05:52:16.921Z','2025-06-14T05:52:46.157Z',0.48,'57f11b2cb0758af0dd4f6f0aa827a2d9','users/57f11b2cb0758af0dd4f6f0aa827a2d9/recordings/Audio_mbvtklcpapnyprj1g.webm'),('mbvvkxl0qq16qxbjz','Audio_mbvvkxl0qq16qxbjz','2025-06-14T06:48:32.004Z','2025-06-14T06:49:59.254Z',1.45,'57f11b2cb0758af0dd4f6f0aa827a2d9','users/57f11b2cb0758af0dd4f6f0aa827a2d9/recordings/Audio_mbvvkxl0qq16qxbjz.webm'),('mbvvqrx68463ghxgl','Audio_mbvvqrx68463ghxgl','2025-06-14T06:53:04.602Z',NULL,0.00,'57f11b2cb0758af0dd4f6f0aa827a2d9','users/57f11b2cb0758af0dd4f6f0aa827a2d9/recordings/Audio_mbvvqrx68463ghxgl.webm'),('mbvwjpanfi36w4rwt','Audio_mbvwjpanfi36w4rwt','2025-06-14T07:15:34.223Z',NULL,0.00,'57f11b2cb0758af0dd4f6f0aa827a2d9','users/57f11b2cb0758af0dd4f6f0aa827a2d9/recordings/Audio_mbvwjpanfi36w4rwt.webm'),('mbvwluu4sv6tlzi76','Audio_mbvwluu4sv6tlzi76','2025-06-14T07:17:14.716Z',NULL,0.00,'57f11b2cb0758af0dd4f6f0aa827a2d9','users/57f11b2cb0758af0dd4f6f0aa827a2d9/recordings/Audio_mbvwluu4sv6tlzi76.webm'),('mbvx6kghatoz9mh0m','Audio_mbvx6kghatoz9mh0m','2025-06-14T07:33:21.041Z',NULL,0.00,'57f11b2cb0758af0dd4f6f0aa827a2d9','users/57f11b2cb0758af0dd4f6f0aa827a2d9/recordings/Audio_mbvx6kghatoz9mh0m.webm'),('mbvxapqohctcwvslm','Audio_mbvxapqohctcwvslm','2025-06-14T07:36:34.512Z',NULL,0.00,'57f11b2cb0758af0dd4f6f0aa827a2d9','users/57f11b2cb0758af0dd4f6f0aa827a2d9/recordings/Audio_mbvxapqohctcwvslm.webm'),('mbvxe7o5nfaaw3mbo','Audio_mbvxe7o5nfaaw3mbo','2025-06-14T07:39:17.717Z','2025-06-14T07:42:50.999Z',3.55,'57f11b2cb0758af0dd4f6f0aa827a2d9','users/57f11b2cb0758af0dd4f6f0aa827a2d9/recordings/Audio_mbvxe7o5nfaaw3mbo.webm'),('mbvxldp4gpmo0d74b','Audio_mbvxldp4gpmo0d74b','2025-06-14T07:44:52.120Z',NULL,0.00,'57f11b2cb0758af0dd4f6f0aa827a2d9','users/57f11b2cb0758af0dd4f6f0aa827a2d9/recordings/Audio_mbvxldp4gpmo0d74b.webm'),('mbvxpeynk7j48yytq','Audio_mbvxpeynk7j48yytq','2025-06-14T07:48:00.383Z',NULL,0.00,'57f11b2cb0758af0dd4f6f0aa827a2d9','users/57f11b2cb0758af0dd4f6f0aa827a2d9/recordings/Audio_mbvxpeynk7j48yytq.webm'),('mbvy2ljydmz49gz22','Audio_mbvy2ljydmz49gz22','2025-06-14T07:58:15.454Z',NULL,0.00,'57f11b2cb0758af0dd4f6f0aa827a2d9','users/57f11b2cb0758af0dd4f6f0aa827a2d9/recordings/Audio_mbvy2ljydmz49gz22.webm'),('mbvy3frtgj6qw41w6','Audio_mbvy3frtgj6qw41w6','2025-06-14T07:58:54.617Z',NULL,0.00,'57f11b2cb0758af0dd4f6f0aa827a2d9','users/57f11b2cb0758af0dd4f6f0aa827a2d9/recordings/Audio_mbvy3frtgj6qw41w6.webm'),('mbvy6x03vwgj2y4fc','Audio_mbvy6x03vwgj2y4fc','2025-06-14T08:01:36.915Z',NULL,0.00,'57f11b2cb0758af0dd4f6f0aa827a2d9','users/57f11b2cb0758af0dd4f6f0aa827a2d9/recordings/Audio_mbvy6x03vwgj2y4fc.webm'),('mbvya0hz6cmgz6hg3','Audio_mbvya0hz6cmgz6hg3','2025-06-14T08:04:01.415Z',NULL,0.00,'57f11b2cb0758af0dd4f6f0aa827a2d9','users/57f11b2cb0758af0dd4f6f0aa827a2d9/recordings/Audio_mbvya0hz6cmgz6hg3.webm'),('mbvyxqvzibq3r4gps','Audio_mbvyxqvzibq3r4gps','2025-06-14T08:22:28.703Z',NULL,0.00,'57f11b2cb0758af0dd4f6f0aa827a2d9','users/57f11b2cb0758af0dd4f6f0aa827a2d9/recordings/Audio_mbvyxqvzibq3r4gps.webm'),('mbvz0bpq05at2wpyn','Audio_mbvz0bpq05at2wpyn','2025-06-14T08:24:29.006Z','2025-06-14T08:24:34.239Z',0.08,'57f11b2cb0758af0dd4f6f0aa827a2d9','users/57f11b2cb0758af0dd4f6f0aa827a2d9/recordings/Audio_mbvz0bpq05at2wpyn.webm'),('mbvz7xd8um11ozgkk','Audio_mbvz7xd8um11ozgkk','2025-06-14T08:30:23.660Z',NULL,0.00,'57f11b2cb0758af0dd4f6f0aa827a2d9','users/57f11b2cb0758af0dd4f6f0aa827a2d9/recordings/Audio_mbvz7xd8um11ozgkk.webm'),('mbvzbmgoahg23hgqe','Audio_mbvzbmgoahg23hgqe','2025-06-14T08:33:16.152Z','2025-06-14T08:33:25.293Z',0.15,'57f11b2cb0758af0dd4f6f0aa827a2d9','users/57f11b2cb0758af0dd4f6f0aa827a2d9/recordings/Audio_mbvzbmgoahg23hgqe.webm'),('mbvzcq4v6r1uzsby0','Audio_mbvzcq4v6r1uzsby0','2025-06-14T08:34:07.567Z','2025-06-14T08:34:13.754Z',0.10,'57f11b2cb0758af0dd4f6f0aa827a2d9','users/57f11b2cb0758af0dd4f6f0aa827a2d9/recordings/Audio_mbvzcq4v6r1uzsby0.webm'),('mbvzdgpoe4j9yqko2','Audio_mbvzdgpoe4j9yqko2','2025-06-14T08:34:42.012Z','2025-06-14T08:35:06.780Z',0.40,'57f11b2cb0758af0dd4f6f0aa827a2d9','users/57f11b2cb0758af0dd4f6f0aa827a2d9/recordings/Audio_mbvzdgpoe4j9yqko2.webm'),('mbvzetyzrc59nykvv','Audio_mbvzetyzrc59nykvv','2025-06-14T08:35:45.851Z','2025-06-14T08:35:50.584Z',0.07,'57f11b2cb0758af0dd4f6f0aa827a2d9','users/57f11b2cb0758af0dd4f6f0aa827a2d9/recordings/Audio_mbvzetyzrc59nykvv.webm'),('mbvzgciubfdlz27b5','Audio_mbvzgciubfdlz27b5','2025-06-14T08:36:56.550Z','2025-06-14T08:37:04.419Z',0.12,'57f11b2cb0758af0dd4f6f0aa827a2d9','users/57f11b2cb0758af0dd4f6f0aa827a2d9/recordings/Audio_mbvzgciubfdlz27b5.webm'),('mbvzpf4q9yfftw2et','Audio_mbvzpf4q9yfftw2et','2025-06-14T08:43:59.834Z','2025-06-14T08:44:08.260Z',0.13,'57f11b2cb0758af0dd4f6f0aa827a2d9','users/57f11b2cb0758af0dd4f6f0aa827a2d9/recordings/Audio_mbvzpf4q9yfftw2et.webm'),('mbvzqwcko2rxlfwro','Audio_mbvzqwcko2rxlfwro','2025-06-14T08:45:08.804Z',NULL,0.00,'57f11b2cb0758af0dd4f6f0aa827a2d9','users/57f11b2cb0758af0dd4f6f0aa827a2d9/recordings/Audio_mbvzqwcko2rxlfwro.webm'),('mbvzrjotybgrbm6ok','Audio_mbvzrjotybgrbm6ok','2025-06-14T08:45:39.053Z',NULL,0.00,'57f11b2cb0758af0dd4f6f0aa827a2d9','users/57f11b2cb0758af0dd4f6f0aa827a2d9/recordings/Audio_mbvzrjotybgrbm6ok.webm'),('mbvzu70dr4cxq6kpv','Audio_mbvzu70dr4cxq6kpv','2025-06-14T08:47:42.589Z',NULL,0.00,'57f11b2cb0758af0dd4f6f0aa827a2d9','users/57f11b2cb0758af0dd4f6f0aa827a2d9/recordings/Audio_mbvzu70dr4cxq6kpv.webm'),('mbw02fl0n9eulx1gb','Audio_mbw02fl0n9eulx1gb','2025-06-14T08:54:06.948Z','2025-06-14T08:54:10.097Z',0.05,'57f11b2cb0758af0dd4f6f0aa827a2d9','users/57f11b2cb0758af0dd4f6f0aa827a2d9/recordings/Audio_mbw02fl0n9eulx1gb.webm'),('mbw02s9pcwhq62qn1','Audio_mbw02s9pcwhq62qn1','2025-06-14T08:54:23.389Z',NULL,0.00,'57f11b2cb0758af0dd4f6f0aa827a2d9','users/57f11b2cb0758af0dd4f6f0aa827a2d9/recordings/Audio_mbw02s9pcwhq62qn1.webm'),('mbw0460dsh3zvi7iu','Audio_mbw0460dsh3zvi7iu','2025-06-14T08:55:27.853Z','2025-06-14T08:55:33.531Z',0.08,'57f11b2cb0758af0dd4f6f0aa827a2d9','users/57f11b2cb0758af0dd4f6f0aa827a2d9/recordings/Audio_mbw0460dsh3zvi7iu.webm'),('mbwgaksi4y3v0tfht','Audio_mbwgaksi4y3v0tfht','2025-06-14T16:28:20.802Z',NULL,0.00,'57f11b2cb0758af0dd4f6f0aa827a2d9','users/57f11b2cb0758af0dd4f6f0aa827a2d9/recordings/Audio_mbwgaksi4y3v0tfht.webm'),('mbwgbvqej1weqe035','Audio_mbwgbvqej1weqe035','2025-06-14T16:29:21.638Z','2025-06-14T16:32:34.418Z',3.20,'57f11b2cb0758af0dd4f6f0aa827a2d9','users/57f11b2cb0758af0dd4f6f0aa827a2d9/recordings/Audio_mbwgbvqej1weqe035.webm'),('mbwgknn8dx5rkncrk','Audio_mbwgknn8dx5rkncrk','2025-06-14T16:36:11.060Z',NULL,0.00,'57f11b2cb0758af0dd4f6f0aa827a2d9','users/57f11b2cb0758af0dd4f6f0aa827a2d9/recordings/Audio_mbwgknn8dx5rkncrk.webm'),('mbwglg84ktig8h5f3','Audio_mbwglg84ktig8h5f3','2025-06-14T16:36:48.100Z',NULL,0.00,'57f11b2cb0758af0dd4f6f0aa827a2d9','users/57f11b2cb0758af0dd4f6f0aa827a2d9/recordings/Audio_mbwglg84ktig8h5f3.webm'),('mbwgni18gmbhb2ocr','Audio_mbwgni18gmbhb2ocr','2025-06-14T16:38:23.756Z','2025-06-14T16:39:07.963Z',0.73,'57f11b2cb0758af0dd4f6f0aa827a2d9','users/57f11b2cb0758af0dd4f6f0aa827a2d9/recordings/Audio_mbwgni18gmbhb2ocr.webm'),('mbwgok6487wgsegnn','Audio_mbwgok6487wgsegnn','2025-06-14T16:39:13.180Z',NULL,0.00,'57f11b2cb0758af0dd4f6f0aa827a2d9','users/57f11b2cb0758af0dd4f6f0aa827a2d9/recordings/Audio_mbwgok6487wgsegnn.webm'),('mbwgqy77uxqov4ao4','Audio_mbwgqy77uxqov4ao4','2025-06-14T16:41:04.675Z','2025-06-14T16:41:38.113Z',0.55,'57f11b2cb0758af0dd4f6f0aa827a2d9','users/57f11b2cb0758af0dd4f6f0aa827a2d9/recordings/Audio_mbwgqy77uxqov4ao4.webm'),('mbwgs0mypzt9o8q67','Audio_mbwgs0mypzt9o8q67','2025-06-14T16:41:54.490Z','2025-06-14T16:42:22.435Z',0.45,'57f11b2cb0758af0dd4f6f0aa827a2d9','users/57f11b2cb0758af0dd4f6f0aa827a2d9/recordings/Audio_mbwgs0mypzt9o8q67.webm'),('mbwhdm0ptts2r7vgc','Audio_mbwhdm0ptts2r7vgc','2025-06-14T16:58:41.977Z','2025-06-14T16:58:47.164Z',0.08,'57f11b2cb0758af0dd4f6f0aa827a2d9','users/57f11b2cb0758af0dd4f6f0aa827a2d9/recordings/Audio_mbwhdm0ptts2r7vgc.webm'),('mbwhe0coezm1ovol2','Audio_mbwhe0coezm1ovol2','2025-06-14T16:59:00.552Z','2025-06-14T16:59:07.638Z',0.12,'57f11b2cb0758af0dd4f6f0aa827a2d9','users/57f11b2cb0758af0dd4f6f0aa827a2d9/recordings/Audio_mbwhe0coezm1ovol2.webm'),('mbwjitx4r36wuhzt1','Audio_mbwjitx4r36wuhzt1','2025-06-14T17:58:44.728Z','2025-06-14T17:58:49.087Z',0.07,'57f11b2cb0758af0dd4f6f0aa827a2d9','users/57f11b2cb0758af0dd4f6f0aa827a2d9/recordings/Audio_mbwjitx4r36wuhzt1.webm'),('mbwjn3pnogdd3kc5t','Audio_mbwjn3pnogdd3kc5t','2025-06-14T18:02:04.043Z',NULL,0.00,'57f11b2cb0758af0dd4f6f0aa827a2d9','users/57f11b2cb0758af0dd4f6f0aa827a2d9/recordings/Audio_mbwjn3pnogdd3kc5t.webm'),('mbwl9attzypj2fvry','Audio_mbwl9attzypj2fvry','2025-06-14T18:47:19.313Z','2025-06-14T18:47:23.674Z',0.07,'57f11b2cb0758af0dd4f6f0aa827a2d9','users/57f11b2cb0758af0dd4f6f0aa827a2d9/recordings/Audio_mbwl9attzypj2fvry.webm'),('mbwlbvoe6rafgweuk','Audio_mbwlbvoe6rafgweuk','2025-06-14T18:49:19.646Z','2025-06-14T18:49:24.725Z',0.08,'57f11b2cb0758af0dd4f6f0aa827a2d9','users/57f11b2cb0758af0dd4f6f0aa827a2d9/recordings/Audio_mbwlbvoe6rafgweuk.webm'),('mbwldpcm35fh69eh1','Audio_mbwldpcm35fh69eh1','2025-06-14T18:50:44.758Z','2025-06-14T18:50:48.616Z',0.05,'57f11b2cb0758af0dd4f6f0aa827a2d9','users/57f11b2cb0758af0dd4f6f0aa827a2d9/recordings/Audio_mbwldpcm35fh69eh1.webm'),('mbwleqx6gh0ca7vy0','Audio_mbwleqx6gh0ca7vy0','2025-06-14T18:51:33.450Z','2025-06-14T18:51:37.779Z',0.07,'57f11b2cb0758af0dd4f6f0aa827a2d9','users/57f11b2cb0758af0dd4f6f0aa827a2d9/recordings/Audio_mbwleqx6gh0ca7vy0.webm'),('mbwlf8jzgvy32oihb','Audio_mbwlf8jzgvy32oihb','2025-06-14T18:51:56.303Z','2025-06-14T18:51:59.399Z',0.05,'57f11b2cb0758af0dd4f6f0aa827a2d9','users/57f11b2cb0758af0dd4f6f0aa827a2d9/recordings/Audio_mbwlf8jzgvy32oihb.webm'),('mbwlgri7hqfqb7lgr','Audio_mbwlgri7hqfqb7lgr','2025-06-14T18:53:07.519Z',NULL,0.00,'57f11b2cb0758af0dd4f6f0aa827a2d9','users/57f11b2cb0758af0dd4f6f0aa827a2d9/recordings/Audio_mbwlgri7hqfqb7lgr.webm'),('mbwlitex50hs5ixwu','Audio_mbwlitex50hs5ixwu','2025-06-14T18:54:43.305Z','2025-06-14T18:54:49.766Z',0.10,'57f11b2cb0758af0dd4f6f0aa827a2d9','users/57f11b2cb0758af0dd4f6f0aa827a2d9/recordings/Audio_mbwlitex50hs5ixwu.webm'),('mbwljb7n87zx0hmid','Audio_mbwljb7n87zx0hmid','2025-06-14T18:55:06.371Z',NULL,0.00,'57f11b2cb0758af0dd4f6f0aa827a2d9','users/57f11b2cb0758af0dd4f6f0aa827a2d9/recordings/Audio_mbwljb7n87zx0hmid.webm'),('mbwlkfvnxiaiihd3y','Audio_mbwlkfvnxiaiihd3y','2025-06-14T18:55:59.075Z','2025-06-14T18:56:04.142Z',0.08,'57f11b2cb0758af0dd4f6f0aa827a2d9','users/57f11b2cb0758af0dd4f6f0aa827a2d9/recordings/Audio_mbwlkfvnxiaiihd3y.webm'),('mbwlli9zfx57o5fyu','Audio_mbwlli9zfx57o5fyu','2025-06-14T18:56:48.839Z',NULL,0.00,'57f11b2cb0758af0dd4f6f0aa827a2d9','users/57f11b2cb0758af0dd4f6f0aa827a2d9/recordings/Audio_mbwlli9zfx57o5fyu.webm'),('mbwlo81dpuotnamkx','Audio_mbwlo81dpuotnamkx','2025-06-14T18:58:55.537Z','2025-06-14T18:59:02.173Z',0.10,'57f11b2cb0758af0dd4f6f0aa827a2d9','users/57f11b2cb0758af0dd4f6f0aa827a2d9/recordings/Audio_mbwlo81dpuotnamkx.webm'),('mbwlqf2yur4wr68gq','Audio_mbwlqf2yur4wr68gq','2025-06-14T19:00:37.978Z','2025-06-14T19:00:49.068Z',0.18,'57f11b2cb0758af0dd4f6f0aa827a2d9','users/57f11b2cb0758af0dd4f6f0aa827a2d9/recordings/Audio_mbwlqf2yur4wr68gq.webm'),('mbwlt0hmt752t5mqz','Audio_mbwlt0hmt752t5mqz','2025-06-14T19:02:39.034Z','2025-06-14T19:02:46.198Z',0.12,'57f11b2cb0758af0dd4f6f0aa827a2d9','users/57f11b2cb0758af0dd4f6f0aa827a2d9/recordings/Audio_mbwlt0hmt752t5mqz.webm'),('mbwlte0nw0fhqdu7w','Audio_mbwlte0nw0fhqdu7w','2025-06-14T19:02:56.567Z','2025-06-14T19:03:34.002Z',0.62,'57f11b2cb0758af0dd4f6f0aa827a2d9','users/57f11b2cb0758af0dd4f6f0aa827a2d9/recordings/Audio_mbwlte0nw0fhqdu7w.webm'),('mbwlubss877nqkusc','Audio_mbwlubss877nqkusc','2025-06-14T19:03:40.348Z','2025-06-14T19:03:46.983Z',0.10,'57f11b2cb0758af0dd4f6f0aa827a2d9','users/57f11b2cb0758af0dd4f6f0aa827a2d9/recordings/Audio_mbwlubss877nqkusc.webm'),('mbwlui9vhhj5qfxs8','Audio_mbwlui9vhhj5qfxs8','2025-06-14T19:03:48.739Z','2025-06-14T19:03:58.253Z',0.15,'57f11b2cb0758af0dd4f6f0aa827a2d9','users/57f11b2cb0758af0dd4f6f0aa827a2d9/recordings/Audio_mbwlui9vhhj5qfxs8.webm'),('mbwm6m9uc930rar8s','Audio_mbwm6m9uc930rar8s','2025-06-14T19:13:13.794Z','2025-06-14T19:16:11.589Z',2.95,'57f11b2cb0758af0dd4f6f0aa827a2d9','users/57f11b2cb0758af0dd4f6f0aa827a2d9/recordings/Audio_mbwm6m9uc930rar8s.webm'),('mbwmdtyc9tn9bb5zr','Audio_mbwmdtyc9tn9bb5zr','2025-06-14T19:18:50.340Z',NULL,0.00,'57f11b2cb0758af0dd4f6f0aa827a2d9','users/57f11b2cb0758af0dd4f6f0aa827a2d9/recordings/Audio_mbwmdtyc9tn9bb5zr.webm'),('mbwmefx1lvhqtorg2','Audio_mbwmefx1lvhqtorg2','2025-06-14T19:19:18.805Z','2025-06-14T19:19:24.203Z',0.08,'57f11b2cb0758af0dd4f6f0aa827a2d9','users/57f11b2cb0758af0dd4f6f0aa827a2d9/recordings/Audio_mbwmefx1lvhqtorg2.webm'),('mbwmeofb1qzorsolm','Audio_mbwmeofb1qzorsolm','2025-06-14T19:19:29.831Z','2025-06-14T19:19:32.139Z',0.03,'57f11b2cb0758af0dd4f6f0aa827a2d9','users/57f11b2cb0758af0dd4f6f0aa827a2d9/recordings/Audio_mbwmeofb1qzorsolm.webm'),('mbwmnv8rj7t0212sw','Audio_mbwmnv8rj7t0212sw','2025-06-14T19:26:38.571Z','2025-06-14T19:26:59.444Z',0.33,'57f11b2cb0758af0dd4f6f0aa827a2d9','users/57f11b2cb0758af0dd4f6f0aa827a2d9/recordings/Audio_mbwmnv8rj7t0212sw.webm'),('mbwmps15yaq09g8y8','Audio_mbwmps15yaq09g8y8','2025-06-14T19:28:07.721Z','2025-06-14T19:28:20.145Z',0.20,'57f11b2cb0758af0dd4f6f0aa827a2d9','users/57f11b2cb0758af0dd4f6f0aa827a2d9/recordings/Audio_mbwmps15yaq09g8y8.webm'),('mbwmqdfw6rf5y3d0a','Audio_mbwmqdfw6rf5y3d0a','2025-06-14T19:28:35.468Z','2025-06-14T19:28:39.938Z',0.07,'57f11b2cb0758af0dd4f6f0aa827a2d9','users/57f11b2cb0758af0dd4f6f0aa827a2d9/recordings/Audio_mbwmqdfw6rf5y3d0a.webm'),('mbwmrdr043boq0oiz','Audio_mbwmrdr043boq0oiz','2025-06-14T19:29:22.524Z','2025-06-14T19:29:29.104Z',0.10,'57f11b2cb0758af0dd4f6f0aa827a2d9','users/57f11b2cb0758af0dd4f6f0aa827a2d9/recordings/Audio_mbwmrdr043boq0oiz.webm'),('mbwmslgu7si1u5er8','Audio_mbwmslgu7si1u5er8','2025-06-14T19:30:19.182Z',NULL,0.00,'57f11b2cb0758af0dd4f6f0aa827a2d9','users/57f11b2cb0758af0dd4f6f0aa827a2d9/recordings/Audio_mbwmslgu7si1u5er8.webm'),('mbwmsxtvm883ga95n','Audio_mbwmsxtvm883ga95n','2025-06-14T19:30:35.203Z','2025-06-14T19:30:38.675Z',0.05,'57f11b2cb0758af0dd4f6f0aa827a2d9','users/57f11b2cb0758af0dd4f6f0aa827a2d9/recordings/Audio_mbwmsxtvm883ga95n.webm'),('mbwmt49rfrz2ldkj4','Audio_mbwmt49rfrz2ldkj4','2025-06-14T19:30:43.551Z','2025-06-14T19:30:46.591Z',0.05,'57f11b2cb0758af0dd4f6f0aa827a2d9','users/57f11b2cb0758af0dd4f6f0aa827a2d9/recordings/Audio_mbwmt49rfrz2ldkj4.webm'),('mbwmtl7z6ds9fox25','Audio_mbwmtl7z6ds9fox25','2025-06-14T19:31:05.519Z',NULL,0.00,'57f11b2cb0758af0dd4f6f0aa827a2d9','users/57f11b2cb0758af0dd4f6f0aa827a2d9/recordings/Audio_mbwmtl7z6ds9fox25.webm'),('mbwmv4qu346mrv2oy','Audio_mbwmv4qu346mrv2oy','2025-06-14T19:32:17.478Z','2025-06-14T19:32:21.945Z',0.07,'57f11b2cb0758af0dd4f6f0aa827a2d9','users/57f11b2cb0758af0dd4f6f0aa827a2d9/recordings/Audio_mbwmv4qu346mrv2oy.webm'),('mbwmvelq7ebllpqco','Audio_mbwmvelq7ebllpqco','2025-06-14T19:32:30.254Z','2025-06-14T19:32:36.066Z',0.08,'57f11b2cb0758af0dd4f6f0aa827a2d9','users/57f11b2cb0758af0dd4f6f0aa827a2d9/recordings/Audio_mbwmvelq7ebllpqco.webm'),('mbwmx32n0jct1u0f9','Audio_mbwmx32n0jct1u0f9','2025-06-14T19:33:48.623Z','2025-06-14T19:33:55.141Z',0.10,'57f11b2cb0758af0dd4f6f0aa827a2d9','users/57f11b2cb0758af0dd4f6f0aa827a2d9/recordings/Audio_mbwmx32n0jct1u0f9.webm'),('mbwmxo0kuquho051g','Audio_mbwmxo0kuquho051g','2025-06-14T19:34:15.764Z','2025-06-14T19:34:28.305Z',0.20,'57f11b2cb0758af0dd4f6f0aa827a2d9','users/57f11b2cb0758af0dd4f6f0aa827a2d9/recordings/Audio_mbwmxo0kuquho051g.webm'),('mbwmy4vbuhtj3nnl1','Audio_mbwmy4vbuhtj3nnl1','2025-06-14T19:34:37.607Z',NULL,0.00,'57f11b2cb0758af0dd4f6f0aa827a2d9','users/57f11b2cb0758af0dd4f6f0aa827a2d9/recordings/Audio_mbwmy4vbuhtj3nnl1.webm'),('mbwmzftax1j5f0iwn','Audio_mbwmzftax1j5f0iwn','2025-06-14T19:35:38.446Z','2025-06-14T19:35:42.053Z',0.05,'57f11b2cb0758af0dd4f6f0aa827a2d9','users/57f11b2cb0758af0dd4f6f0aa827a2d9/recordings/Audio_mbwmzftax1j5f0iwn.webm'),('mbwmzw5n57jhaiphz','Audio_mbwmzw5n57jhaiphz','2025-06-14T19:35:59.627Z','2025-06-14T19:36:02.413Z',0.03,'57f11b2cb0758af0dd4f6f0aa827a2d9','users/57f11b2cb0758af0dd4f6f0aa827a2d9/recordings/Audio_mbwmzw5n57jhaiphz.webm'),('mbwmzzzc2bm2slmvm','Audio_mbwmzzzc2bm2slmvm','2025-06-14T19:36:04.584Z','2025-06-14T19:36:07.302Z',0.03,'57f11b2cb0758af0dd4f6f0aa827a2d9','users/57f11b2cb0758af0dd4f6f0aa827a2d9/recordings/Audio_mbwmzzzc2bm2slmvm.webm'),('mbwn0djxwcsidhqah','Audio_mbwn0djxwcsidhqah','2025-06-14T19:36:22.173Z','2025-06-14T19:36:26.492Z',0.07,'57f11b2cb0758af0dd4f6f0aa827a2d9','users/57f11b2cb0758af0dd4f6f0aa827a2d9/recordings/Audio_mbwn0djxwcsidhqah.webm'),('mbwn0jd1ghgis13xy','Audio_mbwn0jd1ghgis13xy','2025-06-14T19:36:29.701Z','2025-06-14T19:36:32.278Z',0.03,'57f11b2cb0758af0dd4f6f0aa827a2d9','users/57f11b2cb0758af0dd4f6f0aa827a2d9/recordings/Audio_mbwn0jd1ghgis13xy.webm'),('mbwn0zdheu2i9ddxg','Audio_mbwn0zdheu2i9ddxg','2025-06-14T19:36:50.453Z',NULL,0.00,'57f11b2cb0758af0dd4f6f0aa827a2d9','users/57f11b2cb0758af0dd4f6f0aa827a2d9/recordings/Audio_mbwn0zdheu2i9ddxg.webm'),('mbwn14i03ff9eyhxz','Audio_mbwn14i03ff9eyhxz','2025-06-14T19:36:57.096Z','2025-06-14T19:36:58.754Z',0.02,'57f11b2cb0758af0dd4f6f0aa827a2d9','users/57f11b2cb0758af0dd4f6f0aa827a2d9/recordings/Audio_mbwn14i03ff9eyhxz.webm'),('mbwn1746r2m7ypyk4','Audio_mbwn1746r2m7ypyk4','2025-06-14T19:37:00.486Z','2025-06-14T19:37:02.482Z',0.02,'57f11b2cb0758af0dd4f6f0aa827a2d9','users/57f11b2cb0758af0dd4f6f0aa827a2d9/recordings/Audio_mbwn1746r2m7ypyk4.webm'),('mbwn19ynjrxjx0kla','Audio_mbwn19ynjrxjx0kla','2025-06-14T19:37:04.175Z','2025-06-14T19:37:07.184Z',0.05,'57f11b2cb0758af0dd4f6f0aa827a2d9','users/57f11b2cb0758af0dd4f6f0aa827a2d9/recordings/Audio_mbwn19ynjrxjx0kla.webm'),('mbwsky5pe3giwu7zw','Audio_mbwsky5pe3giwu7zw','2025-06-14T22:12:20.077Z',NULL,0.00,'57f11b2cb0758af0dd4f6f0aa827a2d9','users/57f11b2cb0758af0dd4f6f0aa827a2d9/recordings/Audio_mbwsky5pe3giwu7zw.webm'),('mbwslz5kedg4k6rwe','Audio_mbwslz5kedg4k6rwe','2025-06-14T22:13:08.024Z','2025-06-14T22:30:47.677Z',17.65,'57f11b2cb0758af0dd4f6f0aa827a2d9','users/57f11b2cb0758af0dd4f6f0aa827a2d9/recordings/Audio_mbwslz5kedg4k6rwe.webm'),('mbwvvwsn7224jje9u','Audio_mbwvvwsn7224jje9u','2025-06-14T23:44:50.375Z','2025-06-14T23:44:55.461Z',0.08,'57f11b2cb0758af0dd4f6f0aa827a2d9','users/57f11b2cb0758af0dd4f6f0aa827a2d9/recordings/Audio_mbwvvwsn7224jje9u.webm'),('mbwvwoz8kdf8bfjen','Audio_mbwvwoz8kdf8bfjen','2025-06-14T23:45:26.900Z','2025-06-14T23:46:56.353Z',1.48,'57f11b2cb0758af0dd4f6f0aa827a2d9','users/57f11b2cb0758af0dd4f6f0aa827a2d9/recordings/Audio_mbwvwoz8kdf8bfjen.webm'),('mbx0mnuyyfp9o32et','Audio_mbx0mnuyyfp9o32et','2025-06-15T01:57:36.970Z',NULL,0.00,'57f11b2cb0758af0dd4f6f0aa827a2d9','users/57f11b2cb0758af0dd4f6f0aa827a2d9/recordings/Audio_mbx0mnuyyfp9o32et.webm'),('mbx0pr24hnduk1i07','Audio_mbx0pr24hnduk1i07','2025-06-15T02:00:01.084Z','2025-06-15T02:06:28.112Z',6.45,'57f11b2cb0758af0dd4f6f0aa827a2d9','users/57f11b2cb0758af0dd4f6f0aa827a2d9/recordings/Audio_mbx0pr24hnduk1i07.webm'),('mbx0yct4yxvyo1mzq','Audio_mbx0yct4yxvyo1mzq','2025-06-15T02:06:42.520Z',NULL,0.00,'57f11b2cb0758af0dd4f6f0aa827a2d9','users/57f11b2cb0758af0dd4f6f0aa827a2d9/recordings/Audio_mbx0yct4yxvyo1mzq.webm'),('mbx14u2a3tkhgzdx9','Audio_mbx14u2a3tkhgzdx9','2025-06-15T02:11:44.818Z',NULL,0.00,'57f11b2cb0758af0dd4f6f0aa827a2d9','users/57f11b2cb0758af0dd4f6f0aa827a2d9/recordings/Audio_mbx14u2a3tkhgzdx9.webm'),('mbx16cvfmi979gex0','Audio_mbx16cvfmi979gex0','2025-06-15T02:12:55.851Z',NULL,0.00,'57f11b2cb0758af0dd4f6f0aa827a2d9','users/57f11b2cb0758af0dd4f6f0aa827a2d9/recordings/Audio_mbx16cvfmi979gex0.webm'),('mbx17zoz8x7qcpx2h','Audio_mbx17zoz8x7qcpx2h','2025-06-15T02:14:12.083Z',NULL,0.00,'57f11b2cb0758af0dd4f6f0aa827a2d9','users/57f11b2cb0758af0dd4f6f0aa827a2d9/recordings/Audio_mbx17zoz8x7qcpx2h.webm'),('mbx1bot6f8bzdf6z4','Audio_mbx1bot6f8bzdf6z4','2025-06-15T02:17:04.602Z','2025-06-15T02:21:35.255Z',4.50,'57f11b2cb0758af0dd4f6f0aa827a2d9','users/57f11b2cb0758af0dd4f6f0aa827a2d9/recordings/Audio_mbx1bot6f8bzdf6z4.webm'),('mbx1i54q8avcoy88c','Audio_mbx1i54q8avcoy88c','2025-06-15T02:22:05.690Z','2025-06-15T02:22:50.313Z',0.73,'57f11b2cb0758af0dd4f6f0aa827a2d9','users/57f11b2cb0758af0dd4f6f0aa827a2d9/recordings/Audio_mbx1i54q8avcoy88c.webm'),('mbx1pz6akt6v4marq','Audio_mbx1pz6akt6v4marq','2025-06-15T02:28:11.218Z',NULL,0.00,'57f11b2cb0758af0dd4f6f0aa827a2d9','users/57f11b2cb0758af0dd4f6f0aa827a2d9/recordings/Audio_mbx1pz6akt6v4marq.webm'),('mbx1rnuao5h4hipeb','Audio_mbx1rnuao5h4hipeb','2025-06-15T02:29:29.842Z',NULL,0.00,'57f11b2cb0758af0dd4f6f0aa827a2d9','users/57f11b2cb0758af0dd4f6f0aa827a2d9/recordings/Audio_mbx1rnuao5h4hipeb.webm'),('mbx1shiaep6klbti2','Audio_mbx1shiaep6klbti2','2025-06-15T02:30:08.290Z',NULL,0.00,'57f11b2cb0758af0dd4f6f0aa827a2d9','users/57f11b2cb0758af0dd4f6f0aa827a2d9/recordings/Audio_mbx1shiaep6klbti2.webm'),('mbx1xtbu8k2humitl','Audio_mbx1xtbu8k2humitl','2025-06-15T02:34:16.890Z','2025-06-15T02:34:41.473Z',0.40,'57f11b2cb0758af0dd4f6f0aa827a2d9','users/57f11b2cb0758af0dd4f6f0aa827a2d9/recordings/Audio_mbx1xtbu8k2humitl.webm'),('mbx1yo0n56cg3ix1j','Audio_mbx1yo0n56cg3ix1j','2025-06-15T02:34:56.663Z','2025-06-15T02:35:04.799Z',0.13,'57f11b2cb0758af0dd4f6f0aa827a2d9','users/57f11b2cb0758af0dd4f6f0aa827a2d9/recordings/Audio_mbx1yo0n56cg3ix1j.webm'),('mbx1z7nlia4z512c3','Audio_mbx1z7nlia4z512c3','2025-06-15T02:35:22.113Z',NULL,0.00,'57f11b2cb0758af0dd4f6f0aa827a2d9','users/57f11b2cb0758af0dd4f6f0aa827a2d9/recordings/Audio_mbx1z7nlia4z512c3.webm'),('mbx20b8cgsno6fx7o','Audio_mbx20b8cgsno6fx7o','2025-06-15T02:36:13.404Z','2025-06-15T02:36:37.454Z',0.40,'57f11b2cb0758af0dd4f6f0aa827a2d9','users/57f11b2cb0758af0dd4f6f0aa827a2d9/recordings/Audio_mbx20b8cgsno6fx7o.webm'),('mbx211e326i8skdom','Audio_mbx211e326i8skdom','2025-06-15T02:36:47.307Z','2025-06-15T02:36:53.841Z',0.10,'57f11b2cb0758af0dd4f6f0aa827a2d9','users/57f11b2cb0758af0dd4f6f0aa827a2d9/recordings/Audio_mbx211e326i8skdom.webm'),('mbx237iy1kcn26foe','Audio_mbx237iy1kcn26foe','2025-06-15T02:38:28.570Z','2025-06-15T02:38:35.341Z',0.10,'57f11b2cb0758af0dd4f6f0aa827a2d9','users/57f11b2cb0758af0dd4f6f0aa827a2d9/recordings/Audio_mbx237iy1kcn26foe.webm');
/*!40000 ALTER TABLE `Audio` ENABLE KEYS */;
UNLOCK TABLES;

--
-- Table structure for table `ClientConnection`
--

DROP TABLE IF EXISTS `ClientConnection`;
/*!40101 SET @saved_cs_client     = @@character_set_client */;
/*!40101 SET character_set_client = utf8mb4 */;
CREATE TABLE `ClientConnection` (
  `Id` varchar(255) DEFAULT NULL,
  `ip_address` varchar(255) DEFAULT NULL,
  `fileDescriptorId` int(11) DEFAULT NULL,
  `client_type` varchar(255) DEFAULT NULL
) ENGINE=InnoDB DEFAULT CHARSET=utf8mb4 COLLATE=utf8mb4_general_ci;
/*!40101 SET character_set_client = @saved_cs_client */;

--
-- Dumping data for table `ClientConnection`
--

LOCK TABLES `ClientConnection` WRITE;
/*!40000 ALTER TABLE `ClientConnection` DISABLE KEYS */;
INSERT INTO `ClientConnection` VALUES ('77e711f9884c80953414326127ffe1c2','303c:d45f:de7f:0:40e5:8016:f155:0',3,'listener'),('b3afe0440955c56849ae03250236b5fd','305c:90d2:197f:0:4035:21a8:9255:0',3,'listener'),('5939781880546a36620123c164282440','30ac:eb46:b27f:0:4005:fc2c:456:0',3,'PB-V'),('ac45b32eb1cba5183baf014f8ba3e4a9','301c:657b:d77f:0:4015:6ed5:3856:0',3,'listener'),('fb4255789163a7c27d96cb60bcef694b','30fc:f25d:b27f:0:4095:8d49:b155:0',3,'listener'),('46b119b0fc22079b1b78b0497e5e417a','306c:9a55:cf7f:0:4045:e09c:ed55:0',3,'listener'),('f8d32624284deae240b12ed7b52b2c62','306c:ced4:837f:0:4025:8659:fc55:0',3,'listener'),('8afa9d8f0a10cb5374f6f4a8995ca104','303c:d8d9:877f:0:4045:5111:7e55:0',3,'listener'),('1bcbecba17009ec09eb4f5e154a430c8','304c:df99:fb7f:0:40b5:2d0b:a055:0',3,'listener'),('e1d5cc55fda250884d880d7042c991ee','307c:f6b0:2c7f:0:4035:c601:ae55:0',3,'listener'),('6fc928f5daecef8f27a527c90c67f0bc','30dc:270b:d57f:0:4065:d81d:ea55:0',3,'listener'),('c29d3020a8dc53ddc02b810472c31365','30bc:4081:6f7f:0:40b5:db41:3256:0',3,'listener'),('b3544d00344954a09d02d25d3721ad86','30ac:201d:737f:0:4065:eb01:b655:0',3,'listener'),('f08c27471bc12a17b8d7de9e38f2ab77','30bc:d90c:cb7f:0:40c5:7b3:9655:0',3,'listener'),('21c4c587d187e64ad24a352e5427b391','30ac:43ef:bd7f:0:40d5:fe9e:7a55:0',3,'listener'),('e7aa69fd36873f13db9f71beb13d025b','306c:86fa:217f:0:4055:995d:d155:0',3,'listener'),('24a4dbaf8f5ebda1479155836324f82b','30fc:eeac:d27f:0:40c5:6d33:d055:0',3,'listener'),('04e1591229ae9cd6363317988b021c5d','307c:98d1:527f:0:4095:9f67:1b56:0',3,'listener'),('b148b9615fb6b20150224e42696ca452','308c:60ac:2d7f:0:40c5:1529:7f55:0',3,'listener'),('619f3fca23d6857d5ebef303761d02e1','304c:5b9c:ba7f:0:4005:2e6f:e055:0',3,'listener');
/*!40000 ALTER TABLE `ClientConnection` ENABLE KEYS */;
UNLOCK TABLES;

--
-- Table structure for table `session`
--

DROP TABLE IF EXISTS `session`;
/*!40101 SET @saved_cs_client     = @@character_set_client */;
/*!40101 SET character_set_client = utf8mb4 */;
CREATE TABLE `session` (
  `sessionid` varchar(255) DEFAULT NULL,
  `userId` varchar(255) DEFAULT NULL,
  `login_time` varchar(255) DEFAULT NULL
) ENGINE=InnoDB DEFAULT CHARSET=utf8mb4 COLLATE=utf8mb4_general_ci;
/*!40101 SET character_set_client = @saved_cs_client */;

--
-- Dumping data for table `session`
--

LOCK TABLES `session` WRITE;
/*!40000 ALTER TABLE `session` DISABLE KEYS */;
INSERT INTO `session` VALUES ('509eb0c335bfffc77c13567e23a5667c','57f11b2cb0758af0dd4f6f0aa827a2d9','2025-06-10T18:47:03.217Z'),('eb94d1c9d0cf0dc7193202cdc9e33e8e','fa8c8e29b1da86e150f8470c67b86d14','2025-06-10T23:09:51.039Z'),('9da34846c3274e13f43c8e86013b5cf8','57f11b2cb0758af0dd4f6f0aa827a2d9','2025-06-11T03:02:28.544Z'),('099a299ee5949728601aa3711d363fbb','57f11b2cb0758af0dd4f6f0aa827a2d9','2025-06-11T03:10:40.554Z'),('23ecefa1b466feee63e9bb707a1640d5','57f11b2cb0758af0dd4f6f0aa827a2d9','2025-06-11T03:20:20.319Z'),('74d8344f90f663f23707de59f5cb2f36','57f11b2cb0758af0dd4f6f0aa827a2d9','2025-06-11T04:06:07.687Z'),('20111e83aaeffa27b3c3021edc08e6b5','57f11b2cb0758af0dd4f6f0aa827a2d9','2025-06-11T04:11:13.389Z'),('fba8c0925ecd1c688b51ca53a1a7768d','57f11b2cb0758af0dd4f6f0aa827a2d9','2025-06-11T04:12:45.914Z'),('d010e3333312a16af699cc8eb534f6ac','57f11b2cb0758af0dd4f6f0aa827a2d9','2025-06-11T04:13:15.868Z'),('933a7e2b55f73c386e31d3e3f90724a2','57f11b2cb0758af0dd4f6f0aa827a2d9','2025-06-11T04:52:18.388Z'),('cf9daea1087fe4ec9870b3258abb8f61','57f11b2cb0758af0dd4f6f0aa827a2d9','2025-06-11T05:19:52.728Z'),('edb4af1515553ac4eb1d85345a5861c9','fa8c8e29b1da86e150f8470c67b86d14','2025-06-11T05:37:52.115Z'),('53974d732b967729b49158c5fcd4f517','57f11b2cb0758af0dd4f6f0aa827a2d9','2025-06-11T11:54:15.449Z'),('cfe03765ff4a4c329cca0d5651af6161','57f11b2cb0758af0dd4f6f0aa827a2d9','2025-06-11T13:00:21.155Z'),('f3300a0a3de3d386bf68a6e7a3f8fcdc','57f11b2cb0758af0dd4f6f0aa827a2d9','2025-06-11T13:11:05.128Z'),('5355fc26915e7b7000855b3de4b7b439','57f11b2cb0758af0dd4f6f0aa827a2d9','2025-06-11T14:10:28.548Z'),('1ba3a6ed43a0f8227471fb404f8b54b0','57f11b2cb0758af0dd4f6f0aa827a2d9','2025-06-11T14:22:26.267Z'),('e7b3bf4b48da6dc5679966e1e039395e','57f11b2cb0758af0dd4f6f0aa827a2d9','2025-06-11T14:29:58.941Z'),('2012ba7ff8715c5e5a612b988ee0a9ce','57f11b2cb0758af0dd4f6f0aa827a2d9','2025-06-11T15:07:18.769Z'),('90e4ca08289e4721283ae905a26974fa','57f11b2cb0758af0dd4f6f0aa827a2d9','2025-06-11T21:43:36.132Z'),('35ddc3a552eee37b25e209084ac27139','57f11b2cb0758af0dd4f6f0aa827a2d9','2025-06-11T22:06:02.139Z'),('c874ed8581aef1ab5bf341ba652d0180','57f11b2cb0758af0dd4f6f0aa827a2d9','2025-06-11T23:50:36.142Z'),('0ee4a0a6542a1c1a4d50dbb1fc68e9a8','57f11b2cb0758af0dd4f6f0aa827a2d9','2025-06-12T01:05:46.336Z'),('e671cea62979d7bce6760a4da44b172f','57f11b2cb0758af0dd4f6f0aa827a2d9','2025-06-12T01:12:56.321Z'),('13331d7ae398cf3993b6e5e0650f745b','57f11b2cb0758af0dd4f6f0aa827a2d9','2025-06-12T02:42:16.424Z'),('7fd6b01d2fba4f974d07db7c4e69f311','57f11b2cb0758af0dd4f6f0aa827a2d9','2025-06-12T02:44:16.097Z'),('4ddf92fc95943967d769bfc8a99389b1','57f11b2cb0758af0dd4f6f0aa827a2d9','2025-06-12T02:45:01.448Z'),('de062774e89827cf2072bc8462c673e2','57f11b2cb0758af0dd4f6f0aa827a2d9','2025-06-12T02:47:58.743Z'),('2fbab80a4a9ba604d3d45037748976bb','57f11b2cb0758af0dd4f6f0aa827a2d9','2025-06-12T02:55:20.128Z'),('5c0018272a9164fbabde926affbe9c96','57f11b2cb0758af0dd4f6f0aa827a2d9','2025-06-12T03:15:01.610Z'),('c83adbd5083d5037f9b88647886a5dd3','57f11b2cb0758af0dd4f6f0aa827a2d9','2025-06-12T03:32:30.393Z'),('608fe5aa6cfadb79db4229b158997b74','57f11b2cb0758af0dd4f6f0aa827a2d9','2025-06-12T03:40:01.907Z'),('f19547be5acc0d64f3bd838ae2a78bf1','57f11b2cb0758af0dd4f6f0aa827a2d9','2025-06-12T03:51:20.678Z'),('1aa154e53ec1063a9a19ff276af2ec46','57f11b2cb0758af0dd4f6f0aa827a2d9','2025-06-12T03:55:49.354Z'),('2f7184c47c60007255b1282d749fdcfe','57f11b2cb0758af0dd4f6f0aa827a2d9','2025-06-12T03:57:31.351Z'),('5672d1a5ee7531f175919025732d1f04','57f11b2cb0758af0dd4f6f0aa827a2d9','2025-06-12T03:58:48.317Z'),('d35a2cfa35d99dd8243404eb9e54be89','57f11b2cb0758af0dd4f6f0aa827a2d9','2025-06-12T04:00:25.344Z'),('905fa4b5b9415834e3815975fe38347b','57f11b2cb0758af0dd4f6f0aa827a2d9','2025-06-12T04:01:34.215Z'),('2e17923766ca48929609a921352b5f96','57f11b2cb0758af0dd4f6f0aa827a2d9','2025-06-12T04:02:35.492Z'),('b8d1aa25357345b5e9d1a457ea76ccc4','57f11b2cb0758af0dd4f6f0aa827a2d9','2025-06-12T04:26:03.449Z'),('510b1255ded871c8504d3ab471284375','57f11b2cb0758af0dd4f6f0aa827a2d9','2025-06-12T04:41:24.727Z'),('3e1fd28295bf16b7d7c6b29d705da8a4','57f11b2cb0758af0dd4f6f0aa827a2d9','2025-06-12T04:47:09.032Z'),('39e884bbf822796bbab1ead1f2cb11a9','57f11b2cb0758af0dd4f6f0aa827a2d9','2025-06-12T05:05:21.232Z'),('4dc33372ce4842f483266a031f3ad7c3','57f11b2cb0758af0dd4f6f0aa827a2d9','2025-06-12T18:16:54.822Z'),('721f3594d20061c9d7f0a73102216792','57f11b2cb0758af0dd4f6f0aa827a2d9','2025-06-12T18:18:46.554Z'),('82bbdfe731829668d12e5c23deff5d77','57f11b2cb0758af0dd4f6f0aa827a2d9','2025-06-12T18:19:26.069Z'),('fd0896567aba566118e3145f156a1dc4','57f11b2cb0758af0dd4f6f0aa827a2d9','2025-06-12T18:22:09.690Z'),('931b4f50d8289538b351fe5f167f9f0e','57f11b2cb0758af0dd4f6f0aa827a2d9','2025-06-12T18:24:21.948Z'),('cb52df0e76cbf1412b597bef49b35ee0','57f11b2cb0758af0dd4f6f0aa827a2d9','2025-06-12T18:26:29.925Z'),('0d63ebd2ead617ea44f58da6522dd758','57f11b2cb0758af0dd4f6f0aa827a2d9','2025-06-12T18:27:11.716Z'),('363120d4b77e5bea9affa775b0cca9a7','57f11b2cb0758af0dd4f6f0aa827a2d9','2025-06-12T18:34:32.674Z'),('28953635f2e217b5eb31b2a8131c0df5','57f11b2cb0758af0dd4f6f0aa827a2d9','2025-06-12T18:35:05.449Z'),('3fb7fd7c04d09372c888227c538a5bbe','57f11b2cb0758af0dd4f6f0aa827a2d9','2025-06-12T18:38:16.777Z'),('2fdbfa5c1f7980e6fe38178776526621','57f11b2cb0758af0dd4f6f0aa827a2d9','2025-06-12T18:54:53.877Z'),('c29ee82f774ab6ea93ba6f09efa60319','57f11b2cb0758af0dd4f6f0aa827a2d9','2025-06-12T19:01:52.802Z'),('d717408a304fe031dc5b80c502afe87d','fa8c8e29b1da86e150f8470c67b86d14','2025-06-13T03:20:00.373Z'),('af01bfd286af7d15c65450f590798009','57f11b2cb0758af0dd4f6f0aa827a2d9','2025-06-13T03:48:00.402Z'),('2def9245934cb4ff1b4c784dbebadf38','57f11b2cb0758af0dd4f6f0aa827a2d9','2025-06-13T03:53:02.177Z'),('8ed4bc91ab307db64fcea55770f4b83e','57f11b2cb0758af0dd4f6f0aa827a2d9','2025-06-13T12:54:50.198Z'),('8c5ea94115bca7f257b9d76708b5b7bf','57f11b2cb0758af0dd4f6f0aa827a2d9','2025-06-13T12:58:44.216Z'),('d6bb08d41efafff062e9da5f17931166','57f11b2cb0758af0dd4f6f0aa827a2d9','2025-06-13T13:01:19.080Z'),('b40117f0a685de5231939cb316fc6020','57f11b2cb0758af0dd4f6f0aa827a2d9','2025-06-13T13:07:02.253Z'),('0e6370909e7b7c3f2186b9574cfab148','57f11b2cb0758af0dd4f6f0aa827a2d9','2025-06-13T13:12:03.598Z'),('10abc4b4cc48bc578cea55a19ee3fd51','57f11b2cb0758af0dd4f6f0aa827a2d9','2025-06-13T13:14:06.349Z'),('92aad2ab8915fe3d867099b0125b5c16','57f11b2cb0758af0dd4f6f0aa827a2d9','2025-06-13T13:45:44.564Z'),('bc27645e58249ff44861001e56cb1299','57f11b2cb0758af0dd4f6f0aa827a2d9','2025-06-13T17:49:03.819Z'),('dc97d91fae7027a0eaba89ffc44a8dbc','57f11b2cb0758af0dd4f6f0aa827a2d9','2025-06-13T18:47:47.252Z'),('741c74cbd950b4386ca2aa9429b9d9f2','57f11b2cb0758af0dd4f6f0aa827a2d9','2025-06-13T23:43:08.076Z'),('f9f8a03c896a4831cfb76e3d8f7ec24e','57f11b2cb0758af0dd4f6f0aa827a2d9','2025-06-14T00:10:56.851Z'),('b20508ee79f669100d7fa21e94fe2a78','57f11b2cb0758af0dd4f6f0aa827a2d9','2025-06-14T00:39:12.695Z'),('43284e0f2a04054ad218d43ae6a592a3','57f11b2cb0758af0dd4f6f0aa827a2d9','2025-06-14T00:50:01.178Z'),('715515ad885104d42c43522e52bafb7d','57f11b2cb0758af0dd4f6f0aa827a2d9','2025-06-14T01:54:07.882Z'),('05518bfa354f9c3a600a938f8d39b3c3','57f11b2cb0758af0dd4f6f0aa827a2d9','2025-06-14T02:45:21.280Z'),('3566e683b8a75ebbf3be1aaba42bbee1','57f11b2cb0758af0dd4f6f0aa827a2d9','2025-06-14T05:00:43.848Z'),('d4ae12c8575a2fc7fdac707553dbbcdd','57f11b2cb0758af0dd4f6f0aa827a2d9','2025-06-14T06:48:20.644Z'),('d2e96ac8b33967662700bb778a5ef753','57f11b2cb0758af0dd4f6f0aa827a2d9','2025-06-14T07:44:48.643Z'),('d7320c437d85885e89eeb0c0fb92375e','57f11b2cb0758af0dd4f6f0aa827a2d9','2025-06-14T08:03:56.958Z'),('ba8583b7c4558644512f007406110b23','57f11b2cb0758af0dd4f6f0aa827a2d9','2025-06-14T21:28:56.086Z'),('e5ab61c22b71f84f6309d3177e455fe5','57f11b2cb0758af0dd4f6f0aa827a2d9','2025-06-14T22:09:11.751Z'),('864a29ce0f066122134ff0315d93bc3d','57f11b2cb0758af0dd4f6f0aa827a2d9','2025-06-15T00:33:01.046Z');
/*!40000 ALTER TABLE `session` ENABLE KEYS */;
UNLOCK TABLES;

--
-- Table structure for table `user`
--

DROP TABLE IF EXISTS `user`;
/*!40101 SET @saved_cs_client     = @@character_set_client */;
/*!40101 SET character_set_client = utf8mb4 */;
CREATE TABLE `user` (
  `user_id` varchar(255) NOT NULL,
  `username` varchar(255) NOT NULL,
  `password_hash` varchar(255) NOT NULL,
  `email` varchar(255) DEFAULT NULL,
  `password_salt` varchar(255) DEFAULT NULL,
  PRIMARY KEY (`user_id`),
  UNIQUE KEY `username` (`username`)
) ENGINE=InnoDB DEFAULT CHARSET=utf8mb4 COLLATE=utf8mb4_general_ci;
/*!40101 SET character_set_client = @saved_cs_client */;

--
-- Dumping data for table `user`
--

LOCK TABLES `user` WRITE;
/*!40000 ALTER TABLE `user` DISABLE KEYS */;
INSERT INTO `user` VALUES ('57f11b2cb0758af0dd4f6f0aa827a2d9','admin','d862466daf6331f89d071db811000569717049709a5f9580143004b9bc32960a','admin','8bd35452aac4d875c7b0dd8b3d9f723f'),('fa8c8e29b1da86e150f8470c67b86d14','test','d71224bae30b85d8249c115eedce8f67b6ef04b16c2e30a55833a636568dda34','test@test','78cefe5954b7ad240302212e4e2b29a1');
/*!40000 ALTER TABLE `user` ENABLE KEYS */;
UNLOCK TABLES;

--
-- Table structure for table `websocket`
--

DROP TABLE IF EXISTS `websocket`;
/*!40101 SET @saved_cs_client     = @@character_set_client */;
/*!40101 SET character_set_client = utf8mb4 */;
CREATE TABLE `websocket` (
  `userid` varchar(255) DEFAULT NULL,
  `sessionid` varchar(255) DEFAULT NULL,
  `connected_on` varchar(255) DEFAULT NULL,
  `Id` varchar(255) DEFAULT NULL,
  `socketId` int(11) DEFAULT NULL
) ENGINE=InnoDB DEFAULT CHARSET=utf8mb4 COLLATE=utf8mb4_general_ci;
/*!40101 SET character_set_client = @saved_cs_client */;

--
-- Dumping data for table `websocket`
--

LOCK TABLES `websocket` WRITE;
/*!40000 ALTER TABLE `websocket` DISABLE KEYS */;
INSERT INTO `websocket` VALUES ('57f11b2cb0758af0dd4f6f0aa827a2d9','1ba3a6ed43a0f8227471fb404f8b54b0','2025-06-11T14:28:22.531Z','mbs1oqkjpxhwwbcge',789),('57f11b2cb0758af0dd4f6f0aa827a2d9','35ddc3a552eee37b25e209084ac27139','2025-06-11T22:08:53.893Z','mbsi4z2edy01lwln8',79),('57f11b2cb0758af0dd4f6f0aa827a2d9','0ee4a0a6542a1c1a4d50dbb1fc68e9a8','2025-06-12T01:06:44.467Z','mbsohoj771dpcjco9',184),('57f11b2cb0758af0dd4f6f0aa827a2d9','13331d7ae398cf3993b6e5e0650f745b','2025-06-12T02:44:10.628Z','mbsryzgkmyl6kqxai',26),('57f11b2cb0758af0dd4f6f0aa827a2d9','7fd6b01d2fba4f974d07db7c4e69f311','2025-06-12T02:44:55.428Z','mbsrzy100ugd7zvzz',31),('57f11b2cb0758af0dd4f6f0aa827a2d9','4ddf92fc95943967d769bfc8a99389b1','2025-06-12T02:47:53.558Z','mbss3rh2kcp8q8nix',35);
/*!40000 ALTER TABLE `websocket` ENABLE KEYS */;
UNLOCK TABLES;
/*!40103 SET TIME_ZONE=@OLD_TIME_ZONE */;

/*!40101 SET SQL_MODE=@OLD_SQL_MODE */;
/*!40014 SET FOREIGN_KEY_CHECKS=@OLD_FOREIGN_KEY_CHECKS */;
/*!40014 SET UNIQUE_CHECKS=@OLD_UNIQUE_CHECKS */;
/*!40101 SET CHARACTER_SET_CLIENT=@OLD_CHARACTER_SET_CLIENT */;
/*!40101 SET CHARACTER_SET_RESULTS=@OLD_CHARACTER_SET_RESULTS */;
/*!40101 SET COLLATION_CONNECTION=@OLD_COLLATION_CONNECTION */;
/*!40111 SET SQL_NOTES=@OLD_SQL_NOTES */;

-- Dump completed on 2025-06-14 23:27:09
