lat,ln,lon,pdist,pid,rtdir,seq,stpid,stpnm,typ
41.883203,42394,-87.627293,0,947,Westbound,1,448,Washington & State,S
41.88322,42394,-87.62729,0,947,Westbound,2,,,W
41.883243,42394,-87.625895,0,947,Westbound,3,,,W
41.88325,42394,-87.62553,0,947,Westbound,4,,,W
41.883204999999,42394,-87.625569,479,947,Westbound,5,449,Washington & Wabash,S
41.88325,42394,-87.62553,0,947,Westbound,6,,,W
41.88323,42394,-87.62452,0,947,Westbound,7,,,W
41.88211,42394,-87.62448,0,947,Westbound,8,,,W
41.88211,42394,-87.62532,0,947,Westbound,9,,,W
41.8821,42394,-87.62585,0,947,Westbound,10,,,W
41.882129000001,42394,-87.625855,1538,947,Westbound,11,450,Madison & Wabash,S
41.88207,42394,-87.62585,0,947,Westbound,12,,,W
41.88206,42394,-87.62593,0,947,Westbound,13,,,W
41.88208,42394,-87.62744,0,947,Westbound,14,,,W
41.882075,42394,-87.627605,0,947,Westbound,15,,,W
41.88199,42394,-87.62897,0,947,Westbound,16,,,W
41.88199,42394,-87.6291,0,947,Westbound,17,,,W
41.882019999999,42394,-87.629100000001,2424,947,Westbound,18,18126,Madison & Dearborn/State,S
41.88199,42394,-87.6291,0,947,Westbound,19,,,W
41.88199,42394,-87.62938,0,947,Westbound,20,,,W
41.88198,42394,-87.62988,0,947,Westbound,21,,,W
41.88198,42394,-87.63088,0,947,Westbound,22,,,W
41.88195,42394,-87.63264,0,947,Westbound,23,,,W
41.88195,42394,-87.63295,0,947,Westbound,24,,,W
41.882001000001,42394,-87.632941999999,3468,947,Westbound,25,18123,Madison & Lasalle,S
41.88195,42394,-87.63295,0,947,Westbound,26,,,W
41.88196,42394,-87.63338,0,947,Westbound,27,,,W
41.88195,42394,-87.63373,0,947,Westbound,28,,,W
41.88196,42394,-87.63411,0,947,Westbound,29,,,W
41.88193,42394,-87.63532,0,947,Westbound,30,,,W
41.88193,42394,-87.63539,0,947,Westbound,31,,,W
41.88192,42394,-87.63575,0,947,Westbound,32,,,W
41.88192,42394,-87.63589,0,947,Westbound,33,,,W
41.881983999999,42394,-87.635887000001,4272,947,Westbound,34,18124,Madison & Franklin,S
41.88193,42394,-87.63589,0,947,Westbound,35,,,W
41.88193,42394,-87.63624,0,947,Westbound,36,,,W
41.88185,42394,-87.64103,0,947,Westbound,37,,,W
41.881961,42394,-87.641036,5669,947,Westbound,38,455,Madison & Clinton,S
41.88185,42394,-87.64103,0,947,Westbound,39,,,W
41.88185,42394,-87.64167,0,947,Westbound,40,,,W
41.88184,42394,-87.64195,0,947,Westbound,41,,,W
41.88184,42394,-87.64242,0,947,Westbound,42,,,W
41.88183,42394,-87.64266,0,947,Westbound,43,,,W
41.88183,42394,-87.64306,0,947,Westbound,44,,,W
41.881901,42394,-87.643058999999,6219,947,Westbound,45,456,Madison & Jefferson,S
41.88183,42394,-87.64306,0,947,Westbound,46,,,W
41.881789,42394,-87.647188,0,947,Westbound,47,,,W
41.88178,42394,-87.64781,0,947,Westbound,48,,,W
41.881868,42394,-87.647811999998,7498,947,Westbound,49,14467,Madison & Halsted,S
41.88178,42394,-87.64781,0,947,Westbound,50,,,W
41.88178,42394,-87.64795,0,947,Westbound,51,,,W
41.88176,42394,-87.64854,0,947,Westbound,52,,,W
41.88177,42394,-87.64895,0,947,Westbound,53,,,W
41.88176,42394,-87.64923,0,947,Westbound,54,,,W
41.88176,42394,-87.64936,0,947,Westbound,55,,,W
41.88175,42394,-87.64955,0,947,Westbound,56,,,W
41.881811999999,42394,-87.649554000001,7971,947,Westbound,57,458,Madison & Peoria,S
41.88175,42394,-87.64955,0,947,Westbound,58,,,W
41.88174,42394,-87.6497,0,947,Westbound,59,,,W
41.88174,42394,-87.64986,0,947,Westbound,60,,,W
41.88171,42394,-87.65144,0,947,Westbound,61,,,W
41.88171,42394,-87.65184,0,947,Westbound,62,,,W
41.881783999999,42394,-87.65184,8595,947,Westbound,63,459,Madison & Morgan,S
41.88171,42394,-87.65184,0,947,Westbound,64,,,W
41.88171,42394,-87.65187,0,947,Westbound,65,,,W
41.8817,42394,-87.65204,0,947,Westbound,66,,,W
41.8817,42394,-87.65257,0,947,Westbound,67,,,W
41.88167,42394,-87.654,0,947,Westbound,68,,,W
41.88167,42394,-87.65419,0,947,Westbound,69,,,W
41.881735000001,42394,-87.654189000001,9232,947,Westbound,70,460,Madison & Aberdeen ,S
41.88167,42394,-87.65419,0,947,Westbound,71,,,W
41.88167,42394,-87.65436,0,947,Westbound,72,,,W
41.88165,42394,-87.65553,0,947,Westbound,73,,,W
41.88165,42394,-87.65561,0,947,Westbound,74,,,W
41.88164,42394,-87.65612,0,947,Westbound,75,,,W
41.88164,42394,-87.6562,0,947,Westbound,76,,,W
41.88162,42394,-87.65696,0,947,Westbound,77,,,W
41.88166,42394,-87.65715,0,947,Westbound,78,,,W
41.88165,42394,-87.65748,0,947,Westbound,79,,,W
41.881680999999,42394,-87.657482000001,10132,947,Westbound,80,14765,Madison & Racine,S
41.88165,42394,-87.65748,0,947,Westbound,81,,,W
41.88165,42394,-87.65781,0,947,Westbound,82,,,W
41.881633,42394,-87.658473,0,947,Westbound,83,,,W
41.881671,42394,-87.65961,0,947,Westbound,84,,,W
41.881678,42394,-87.659716999999,10746,947,Westbound,85,462,Madison & Throop ,S
41.881655,42394,-87.660337,0,947,Westbound,86,,,W
41.881655,42394,-87.660528,0,947,Westbound,87,,,W
41.881638,42394,-87.660908,0,947,Westbound,88,,,W
41.881647,42394,-87.661592,0,947,Westbound,89,,,W
41.88163,42394,-87.662053,0,947,Westbound,90,,,W
41.881615,42394,-87.662228,11431,947,Westbound,91,463,Madison & Loomis ,S
41.881615,42394,-87.662403,0,947,Westbound,92,,,W
41.881607,42394,-87.662657,0,947,Westbound,93,,,W
41.881615,42394,-87.663563,0,947,Westbound,94,,,W
41.881607,42394,-87.663833,0,947,Westbound,95,,,W
41.881607,42394,-87.664072,0,947,Westbound,96,,,W
41.881583,42394,-87.664517,0,947,Westbound,97,,,W
41.881583000001,42394,-87.664660000001,12095,947,Westbound,98,464,Madison & Laflin,S
41.881583,42394,-87.664835,0,947,Westbound,99,,,W
41.881558,42394,-87.665042,0,947,Westbound,100,,,W
41.881558,42394,-87.665837,0,947,Westbound,101,,,W
41.881535,42394,-87.666075,0,947,Westbound,102,,,W
41.881535,42394,-87.666297,0,947,Westbound,103,,,W
41.88152,42394,-87.66652,0,947,Westbound,104,,,W
41.881520000001,42394,-87.666695000002,12648,947,Westbound,105,465,Madison & Ashland,S
41.88148,42394,-87.667347,0,947,Westbound,106,,,W
41.88148,42394,-87.667568,0,947,Westbound,107,,,W
41.881472,42394,-87.667775,0,947,Westbound,108,,,W
41.881472,42394,-87.668903,0,947,Westbound,109,,,W
41.881455,42394,-87.669095,0,947,Westbound,110,,,W
41.881455000001,42394,-87.669190000002,13331,947,Westbound,111,466,Madison & Paulina,S
41.881417,42394,-87.66973,0,947,Westbound,112,,,W
41.881417,42394,-87.669953,0,947,Westbound,113,,,W
41.881408,42394,-87.670175,0,947,Westbound,114,,,W
41.881417,42394,-87.670413,0,947,Westbound,115,,,W
41.881408,42394,-87.670637,0,947,Westbound,116,,,W
41.881408,42394,-87.671527,0,947,Westbound,117,,,W
41.881392,42394,-87.67202,0,947,Westbound,118,,,W
41.881392000001,42394,-87.672147,14135,947,Westbound,119,15090,Madison & Wood,S
41.881392,42394,-87.672368,0,947,Westbound,120,,,W
41.881385,42394,-87.672592,0,947,Westbound,121,,,W
41.881385,42394,-87.672862,0,947,Westbound,122,,,W
41.881377,42394,-87.673148,0,947,Westbound,123,,,W
41.881377,42394,-87.673465,0,947,Westbound,124,,,W
41.88136,42394,-87.674038,0,947,Westbound,125,,,W
41.88136,42394,-87.674452,0,947,Westbound,126,,,W
41.881385,42394,-87.674530000001,14782,947,Westbound,127,468,Madison & United Center (1900 W),S
41.881392,42394,-87.675118,0,947,Westbound,128,,,W
41.881385,42394,-87.675325,0,947,Westbound,129,,,W
41.881392,42394,-87.676168,0,947,Westbound,130,,,W
41.881385,42394,-87.676358,0,947,Westbound,131,,,W
41.881385000001,42394,-87.676452999998,15305,947,Westbound,132,469,Madison & Damen,S
41.881377,42394,-87.676628,0,947,Westbound,133,,,W
41.881377,42394,-87.676835,0,947,Westbound,134,,,W
41.881352,42394,-87.677582,0,947,Westbound,135,,,W
41.881352,42394,-87.677837,0,947,Westbound,136,,,W
41.881337,42394,-87.678345,0,947,Westbound,137,,,W
41.881337,42394,-87.67879,0,947,Westbound,138,,,W
41.881337000001,42394,-87.678917999998,15981,947,Westbound,139,470,Madison & Hoyne,S
41.881337,42394,-87.679092,0,947,Westbound,140,,,W
41.881305,42394,-87.679633,0,947,Westbound,141,,,W
41.881305,42394,-87.67984,0,947,Westbound,142,,,W
41.881297,42394,-87.680078,0,947,Westbound,143,,,W
41.881297,42394,-87.680268,0,947,Westbound,144,,,W
41.881288,42394,-87.680475,0,947,Westbound,145,,,W
41.881288,42394,-87.680905,0,947,Westbound,146,,,W
41.881282,42394,-87.681158,0,947,Westbound,147,,,W
41.881297,42394,-87.681827,0,947,Westbound,148,,,W
41.881288,42394,-87.681922000001,16801,947,Westbound,149,17599,Madison & Leavitt,S
41.8812,42394,-87.6842,0,947,Westbound,150,,,W
41.8812,42394,-87.6843,0,947,Westbound,151,,,W
41.881242,42394,-87.684304999999,17446,947,Westbound,152,17600,Madison & Oakley,S
41.8812,42394,-87.6843,0,947,Westbound,153,,,W
41.8812,42394,-87.68445,0,947,Westbound,154,,,W
41.88119,42394,-87.68496,0,947,Westbound,155,,,W
41.88119,42394,-87.68516,0,947,Westbound,156,,,W
41.88118,42394,-87.68572,0,947,Westbound,157,,,W
41.88118,42394,-87.68615,0,947,Westbound,158,,,W
41.881236000001,42394,-87.686148999998,17948,947,Westbound,159,473,Madison & Western,S
41.88118,42394,-87.68615,0,947,Westbound,160,,,W
41.88117,42394,-87.68636,0,947,Westbound,161,,,W
41.88117,42394,-87.6865,0,947,Westbound,162,,,W
41.88116,42394,-87.68707,0,947,Westbound,163,,,W
41.88116,42394,-87.68736,0,947,Westbound,164,,,W
41.88115,42394,-87.68849,0,947,Westbound,165,,,W
41.88115,42394,-87.68886,0,947,Westbound,166,,,W
41.881202,42394,-87.688883000001,18681,947,Westbound,167,16087,Madison & Campbell,S
41.88115,42394,-87.68886,0,947,Westbound,168,,,W
41.88114,42394,-87.68931,0,947,Westbound,169,,,W
41.88114,42394,-87.68969,0,947,Westbound,170,,,W
41.88113,42394,-87.68997,0,947,Westbound,171,,,W
41.88113,42394,-87.69105,0,947,Westbound,172,,,W
41.88112,42394,-87.69134,0,947,Westbound,173,,,W
41.88112,42394,-87.69169,0,947,Westbound,174,,,W
41.88111,42394,-87.69176,0,947,Westbound,175,,,W
41.88111,42394,-87.69252,0,947,Westbound,176,,,W
41.881178,42394,-87.692523,19675,947,Westbound,177,17596,Madison & Talman,S
41.88111,42394,-87.69252,0,947,Westbound,178,,,W
41.88111,42394,-87.69296,0,947,Westbound,179,,,W
41.88109,42394,-87.69417,0,947,Westbound,180,,,W
41.88109,42394,-87.69432,0,947,Westbound,181,,,W
41.881169999999,42394,-87.694320000001,20165,947,Westbound,182,17597,Madison & Washtenaw,S
41.88109,42394,-87.69432,0,947,Westbound,183,,,W
41.88109,42394,-87.69509,0,947,Westbound,184,,,W
41.88108,42394,-87.69567,0,947,Westbound,185,,,W
41.88108,42394,-87.69674,0,947,Westbound,186,,,W
41.881137999999,42394,-87.696735000001,20820,947,Westbound,187,14841,Madison & California,S
41.88108,42394,-87.69674,0,947,Westbound,188,,,W
41.88107,42394,-87.69701,0,947,Westbound,189,,,W
41.88107,42394,-87.69798,0,947,Westbound,190,,,W
41.88106,42394,-87.69845,0,947,Westbound,191,,,W
41.881082000001,42394,-87.698451999999,21287,947,Westbound,192,478,Madison & Francisco,S
41.88106,42394,-87.69845,0,947,Westbound,193,,,W
41.88106,42394,-87.69892,0,947,Westbound,194,,,W
41.88105,42394,-87.69927,0,947,Westbound,195,,,W
41.88105,42394,-87.6995,0,947,Westbound,196,,,W
41.88103,42394,-87.70096,0,947,Westbound,197,,,W
41.881058,42394,-87.700963000002,21968,947,Westbound,198,479,Madison & Sacramento,S
41.88103,42394,-87.70096,0,947,Westbound,199,,,W
41.88103,42394,-87.70155,0,947,Westbound,200,,,W
41.88102,42394,-87.70205,0,947,Westbound,201,,,W
41.88102,42394,-87.70278,0,947,Westbound,202,,,W
41.88101,42394,-87.70297,0,947,Westbound,203,,,W
41.88101,42394,-87.70351,0,947,Westbound,204,,,W
41.881073999999,42394,-87.703509000001,22663,947,Westbound,205,480,Madison & Albany ,S
41.88101,42394,-87.70351,0,947,Westbound,206,,,W
41.88101,42394,-87.70367,0,947,Westbound,207,,,W
41.88099,42394,-87.70474,0,947,Westbound,208,,,W
41.88099,42394,-87.70563,0,947,Westbound,209,,,W
41.880985,42394,-87.705875,0,947,Westbound,210,,,W
41.88097,42394,-87.70646,0,947,Westbound,211,,,W
41.88097,42394,-87.70669,0,947,Westbound,212,,,W
41.881048000001,42394,-87.70666,23528,947,Westbound,213,14840,Madison & Kedzie,S
41.88097,42394,-87.70669,0,947,Westbound,214,,,W
41.88096,42394,-87.7071,0,947,Westbound,215,,,W
41.88096,42394,-87.70745,0,947,Westbound,216,,,W
41.88095,42394,-87.70844,0,947,Westbound,217,,,W
41.88095,42394,-87.70851,0,947,Westbound,218,,,W
41.88094,42394,-87.70861,0,947,Westbound,219,,,W
41.881017000001,42394,-87.708607999998,24050,947,Westbound,220,482,Madison & Spaulding,S
41.88094,42394,-87.70861,0,947,Westbound,221,,,W
41.88094,42394,-87.708745,0,947,Westbound,222,,,W
41.88092,42394,-87.71132,0,947,Westbound,223,,,W
41.88092,42394,-87.71147,0,947,Westbound,224,,,W
41.880954999999,42394,-87.711470000001,24832,947,Westbound,225,14766,Madison & Homan,S
41.88092,42394,-87.71147,0,947,Westbound,226,,,W
41.88092,42394,-87.71221,0,947,Westbound,227,,,W
41.88091,42394,-87.71232,0,947,Westbound,228,,,W
41.88091,42394,-87.71251,0,947,Westbound,229,,,W
41.88089,42394,-87.71344,0,947,Westbound,230,,,W
41.88089,42394,-87.71349,0,947,Westbound,231,,,W
41.880946000001,42394,-87.71347,25379,947,Westbound,232,484,Madison & St. Louis,S
41.88089,42394,-87.71349,0,947,Westbound,233,,,W
41.88089,42394,-87.71371,0,947,Westbound,234,,,W
41.88087,42394,-87.71454,0,947,Westbound,235,,,W
41.88087,42394,-87.71557,0,947,Westbound,236,,,W
41.88086,42394,-87.71565,0,947,Westbound,237,,,W
41.880915000001,42394,-87.71565,25964,947,Westbound,238,485,Madison & Central Park,S
41.88086,42394,-87.71565,0,947,Westbound,239,,,W
41.88086,42394,-87.7159,0,947,Westbound,240,,,W
41.88079,42394,-87.72057,0,947,Westbound,241,,,W
41.88083,42394,-87.72069,0,947,Westbound,242,,,W
41.88083,42394,-87.72109,0,947,Westbound,243,,,W
41.880868,42394,-87.721086999998,27457,947,Westbound,244,486,Madison & Hamlin,S
41.88083,42394,-87.72109,0,947,Westbound,245,,,W
41.88083,42394,-87.72122,0,947,Westbound,246,,,W
41.88081,42394,-87.72207,0,947,Westbound,247,,,W
41.88081,42394,-87.722315,0,947,Westbound,248,,,W
41.8808,42394,-87.72304,0,947,Westbound,249,,,W
41.880837,42394,-87.723024999998,27988,947,Westbound,250,487,Madison & Springfield,S
41.8808,42394,-87.72304,0,947,Westbound,251,,,W
41.8808,42394,-87.72326,0,947,Westbound,252,,,W
41.88079,42394,-87.7234,0,947,Westbound,253,,,W
41.88079,42394,-87.72371,0,947,Westbound,254,,,W
41.88076,42394,-87.72549,0,947,Westbound,255,,,W
41.88077,42394,-87.72567,0,947,Westbound,256,,,W
41.88077,42394,-87.72607,0,947,Westbound,257,,,W
41.880831000001,42394,-87.726070999999,28809,947,Westbound,258,15136,Madison & Pulaski,S
41.88077,42394,-87.72607,0,947,Westbound,259,,,W
41.88076,42394,-87.72657,0,947,Westbound,260,,,W
41.88076,42394,-87.72684,0,947,Westbound,261,,,W
41.88074,42394,-87.72812,0,947,Westbound,262,,,W
41.88074,42394,-87.72852,0,947,Westbound,263,,,W
41.880780000001,42394,-87.728525,29475,947,Westbound,264,17164,Madison & Karlov,S
41.88074,42394,-87.72852,0,947,Westbound,265,,,W
41.88074,42394,-87.72857,0,947,Westbound,266,,,W
41.88073,42394,-87.72876,0,947,Westbound,267,,,W
41.88073,42394,-87.72904,0,947,Westbound,268,,,W
41.88072,42394,-87.72987,0,947,Westbound,269,,,W
41.88074,42394,-87.730417,0,947,Westbound,270,,,W
41.880725,42394,-87.73059,0,947,Westbound,271,,,W
41.880725,42394,-87.730988,0,947,Westbound,272,,,W
41.880725000001,42394,-87.731003000001,30151,947,Westbound,273,17165,Madison & Keeler,S
41.880725,42394,-87.731417,0,947,Westbound,274,,,W
41.880708,42394,-87.731592,0,947,Westbound,275,,,W
41.880708,42394,-87.732053,0,947,Westbound,276,,,W
41.8807,42394,-87.732307,0,947,Westbound,277,,,W
41.880725,42394,-87.73342,0,947,Westbound,278,,,W
41.880725000001,42394,-87.733482999999,30829,947,Westbound,279,15851,Madison & Kildare,S
41.880685,42394,-87.73369,0,947,Westbound,280,,,W
41.880685,42394,-87.735232,0,947,Westbound,281,,,W
41.880677,42394,-87.735423,0,947,Westbound,282,,,W
41.8807,42394,-87.735805,0,947,Westbound,283,,,W
41.880700000001,42394,-87.735963000002,31511,947,Westbound,284,17166,Madison & Kostner,S
41.880662,42394,-87.736138,0,947,Westbound,285,,,W
41.880662,42394,-87.736567,0,947,Westbound,286,,,W
41.880637,42394,-87.736853,0,947,Westbound,287,,,W
41.880677,42394,-87.737838,0,947,Westbound,288,,,W
41.880662,42394,-87.738062,0,947,Westbound,289,,,W
41.880662,42394,-87.738252,0,947,Westbound,290,,,W
41.880661999999,42394,-87.738394999999,32173,947,Westbound,291,17167,Madison & Kilbourn,S
41.880637,42394,-87.73865,0,947,Westbound,292,,,W
41.880637,42394,-87.739095,0,947,Westbound,293,,,W
41.88063,42394,-87.739333,0,947,Westbound,294,,,W
41.880637,42394,-87.74054,0,947,Westbound,295,,,W
41.880685000001,42394,-87.740682999999,32797,947,Westbound,296,494,Madison & Kenton ,S
41.880662,42394,-87.741177,0,947,Westbound,297,,,W
41.880662,42394,-87.742512,0,947,Westbound,298,,,W
41.880661999999,42394,-87.742638,33326,947,Westbound,299,495,Madison & Kilpatrick,S
41.88063,42394,-87.743148,0,947,Westbound,300,,,W
41.88063,42394,-87.743353,0,947,Westbound,301,,,W
41.880613,42394,-87.743577,0,947,Westbound,302,,,W
41.880613,42394,-87.743783,0,947,Westbound,303,,,W
41.880605,42394,-87.744007,0,947,Westbound,304,,,W
41.88063,42394,-87.744897,0,947,Westbound,305,,,W
41.880630000001,42394,-87.745103,33998,947,Westbound,306,496,Madison & Cicero,S
41.880622,42394,-87.745293,0,947,Westbound,307,,,W
41.880605,42394,-87.745722,0,947,Westbound,308,,,W
41.880605,42394,-87.745945,0,947,Westbound,309,,,W
41.880565,42394,-87.746883,0,947,Westbound,310,,,W
41.880565,42394,-87.747297,0,947,Westbound,311,,,W
41.88059,42394,-87.747455000001,34640,947,Westbound,312,497,Madison & Lamon,S
41.880527,42394,-87.74798,0,947,Westbound,313,,,W
41.880527,42394,-87.748362,0,947,Westbound,314,,,W
41.880518,42394,-87.7486,0,947,Westbound,315,,,W
41.880518,42394,-87.748807,0,947,Westbound,316,,,W
41.88051,42394,-87.749045,0,947,Westbound,317,,,W
41.88051,42394,-87.749235,0,947,Westbound,318,,,W
41.88047,42394,-87.749442,0,947,Westbound,319,,,W
41.880502,42394,-87.7503,0,947,Westbound,320,,,W
41.880493,42394,-87.750507,0,947,Westbound,321,,,W
41.880493000001,42394,-87.75057,35485,947,Westbound,322,498,Madison & Lavergne,S
41.880455,42394,-87.751222,0,947,Westbound,323,,,W
41.880455,42394,-87.751428,0,947,Westbound,324,,,W
41.88043,42394,-87.751827,0,947,Westbound,325,,,W
41.880455,42394,-87.75224,0,947,Westbound,326,,,W
41.880501999999,42394,-87.752317999998,35966,947,Westbound,327,499,Madison & Leclaire,S
41.880455,42394,-87.752685,0,947,Westbound,328,,,W
41.880455,42394,-87.752875,0,947,Westbound,329,,,W
41.880447,42394,-87.753065,0,947,Westbound,330,,,W
41.880447,42394,-87.753337,0,947,Westbound,331,,,W
41.880438,42394,-87.75359,0,947,Westbound,332,,,W
41.880438,42394,-87.754322,0,947,Westbound,333,,,W
41.88043,42394,-87.754512,0,947,Westbound,334,,,W
41.880455,42394,-87.755323,0,947,Westbound,335,,,W
41.880438,42394,-87.755401999999,36820,947,Westbound,336,14958,Madison & Laramie,S
41.880407,42394,-87.756085,0,947,Westbound,337,,,W
41.880407,42394,-87.757755,0,947,Westbound,338,,,W
41.880407000001,42394,-87.757866999999,37485,947,Westbound,339,17160,Madison & Lockwood,S
41.880383,42394,-87.758312,0,947,Westbound,340,,,W
41.880383,42394,-87.759153,0,947,Westbound,341,,,W
41.880367,42394,-87.759392,0,947,Westbound,342,,,W
41.880383,42394,-87.759773,0,947,Westbound,343,,,W
41.880407,42394,-87.759995000001,38064,947,Westbound,344,502,Madison & Long,S
41.880407,42394,-87.760408,0,947,Westbound,345,,,W
41.88039,42394,-87.7606,0,947,Westbound,346,,,W
41.88039,42394,-87.760838,0,947,Westbound,347,,,W
41.880383,42394,-87.761045,0,947,Westbound,348,,,W
41.880383,42394,-87.762317,0,947,Westbound,349,,,W
41.880382999999,42394,-87.762363000002,38710,947,Westbound,350,17161,Madison & Lotus,S
41.880383,42394,-87.762538,0,947,Westbound,351,,,W
41.88036,42394,-87.764551,0,947,Westbound,352,,,W
41.880358,42394,-87.764685,39334,947,Westbound,353,505,Madison & Central,S
41.880312,42394,-87.766132,0,947,Westbound,354,,,W
41.880312,42394,-87.766322,0,947,Westbound,355,,,W
41.880312,42394,-87.766370000002,39791,947,Westbound,356,506,Madison & Parkside,S
41.880303,42394,-87.766592,0,947,Westbound,357,,,W
41.880303,42394,-87.767117,0,947,Westbound,358,,,W
41.880295,42394,-87.767292,0,947,Westbound,359,,,W
41.880295,42394,-87.767562,0,947,Westbound,360,,,W
41.880287,42394,-87.7678,0,947,Westbound,361,,,W
41.880287000001,42394,-87.767974999999,40227,947,Westbound,362,507,Madison & Waller,S
41.880263,42394,-87.768483,0,947,Westbound,363,,,W
41.880263,42394,-87.769468,0,947,Westbound,364,,,W
41.880255000001,42394,-87.769628000001,40678,947,Westbound,365,508,Madison & Menard,S
41.880223,42394,-87.770232,0,947,Westbound,366,,,W
41.880232,42394,-87.77144,0,947,Westbound,367,,,W
41.880223000001,42394,-87.771630000001,41222,947,Westbound,368,509,Madison & Mayfield,S
41.880217,42394,-87.771695,0,947,Westbound,369,,,W
41.880217,42394,-87.771948,0,947,Westbound,370,,,W
41.880208,42394,-87.772155,0,947,Westbound,371,,,W
41.880208,42394,-87.772393,0,947,Westbound,372,,,W
41.88018,42394,-87.77303,0,947,Westbound,373,,,W
41.88018,42394,-87.77323,0,947,Westbound,374,,,W
41.88017,42394,-87.77339,0,947,Westbound,375,,,W
41.88017,42394,-87.77384,0,947,Westbound,376,,,W
41.88015,42394,-87.77393,0,947,Westbound,377,,,W
41.88015,42394,-87.77435,0,947,Westbound,378,,,W
41.880191999999,42394,-87.774348000002,41961,947,Westbound,379,14800,Madison & Austin,S
41.88015,42394,-87.77435,0,947,Westbound,380,,,W
41.880182,42394,-87.774598,0,947,Westbound,381,,,W
41.880304,42394,-87.77465,0,947,Westbound,382,,,W
41.880562,42394,-87.774598,0,947,Westbound,383,,,W
41.880606,42394,-87.774451,0,947,Westbound,384,,,W
41.880572,42394,-87.774086,0,947,Westbound,385,,,W
41.88047,42394,-87.774067,0,947,Westbound,386,,,W
41.880368999999,42394,-87.774048999999,42394,947,Westbound,387,386,Madison & Austin Terminal,S
41.882155,41062,-87.625147000001,0,954,Westbound,1,,,W
41.88211,41062,-87.62515,0,954,Westbound,2,,,W
41.88211,41062,-87.62544,0,954,Westbound,3,,,W
41.8821,41062,-87.62585,0,954,Westbound,4,,,W
41.882129000001,41062,-87.625855,206,954,Westbound,5,450,Madison & Wabash,S
41.88207,41062,-87.62585,0,954,Westbound,6,,,W
41.88206,41062,-87.62593,0,954,Westbound,7,,,W
41.88208,41062,-87.62744,0,954,Westbound,8,,,W
41.882075,41062,-87.627605,0,954,Westbound,9,,,W
41.88199,41062,-87.62897,0,954,Westbound,10,,,W
41.88199,41062,-87.6291,0,954,Westbound,11,,,W
41.882019999999,41062,-87.629100000001,1092,954,Westbound,12,18126,Madison & Dearborn/State,S
41.88199,41062,-87.6291,0,954,Westbound,13,,,W
41.88199,41062,-87.62938,0,954,Westbound,14,,,W
41.88198,41062,-87.62988,0,954,Westbound,15,,,W
41.88198,41062,-87.63088,0,954,Westbound,16,,,W
41.88195,41062,-87.63264,0,954,Westbound,17,,,W
41.88195,41062,-87.63295,0,954,Westbound,18,,,W
41.882001000001,41062,-87.632941999999,2136,954,Westbound,19,18123,Madison & Lasalle,S
41.88195,41062,-87.63295,0,954,Westbound,20,,,W
41.88196,41062,-87.63338,0,954,Westbound,21,,,W
41.88195,41062,-87.63373,0,954,Westbound,22,,,W
41.88196,41062,-87.63411,0,954,Westbound,23,,,W
41.88193,41062,-87.63532,0,954,Westbound,24,,,W
41.88193,41062,-87.63539,0,954,Westbound,25,,,W
41.88192,41062,-87.63575,0,954,Westbound,26,,,W
41.88192,41062,-87.63589,0,954,Westbound,27,,,W
41.881983999999,41062,-87.635887000001,2940,954,Westbound,28,18124,Madison & Franklin,S
41.88193,41062,-87.63589,0,954,Westbound,29,,,W
41.88193,41062,-87.63624,0,954,Westbound,30,,,W
41.88185,41062,-87.64103,0,954,Westbound,31,,,W
41.881961,41062,-87.641036,4337,954,Westbound,32,455,Madison & Clinton,S
41.88185,41062,-87.64103,0,954,Westbound,33,,,W
41.88185,41062,-87.64167,0,954,Westbound,34,,,W
41.88184,41062,-87.64195,0,954,Westbound,35,,,W
41.88184,41062,-87.64242,0,954,Westbound,36,,,W
41.88183,41062,-87.64266,0,954,Westbound,37,,,W
41.88183,41062,-87.64306,0,954,Westbound,38,,,W
41.881901,41062,-87.643058999999,4887,954,Westbound,39,456,Madison & Jefferson,S
41.88183,41062,-87.64306,0,954,Westbound,40,,,W
41.881789,41062,-87.647188,0,954,Westbound,41,,,W
41.88178,41062,-87.64781,0,954,Westbound,42,,,W
41.881868,41062,-87.647811999998,6166,954,Westbound,43,14467,Madison & Halsted,S
41.88178,41062,-87.64781,0,954,Westbound,44,,,W
41.88178,41062,-87.64795,0,954,Westbound,45,,,W
41.88176,41062,-87.64854,0,954,Westbound,46,,,W
41.88177,41062,-87.64895,0,954,Westbound,47,,,W
41.88176,41062,-87.64923,0,954,Westbound,48,,,W
41.88176,41062,-87.64936,0,954,Westbound,49,,,W
41.88175,41062,-87.64955,0,954,Westbound,50,,,W
41.881811999999,41062,-87.649554000001,6639,954,Westbound,51,458,Madison & Peoria,S
41.88175,41062,-87.64955,0,954,Westbound,52,,,W
41.88174,41062,-87.6497,0,954,Westbound,53,,,W
41.88174,41062,-87.64986,0,954,Westbound,54,,,W
41.88171,41062,-87.65144,0,954,Westbound,55,,,W
41.88171,41062,-87.65184,0,954,Westbound,56,,,W
41.881783999999,41062,-87.65184,7263,954,Westbound,57,459,Madison & Morgan,S
41.88171,41062,-87.65184,0,954,Westbound,58,,,W
41.88171,41062,-87.65187,0,954,Westbound,59,,,W
41.8817,41062,-87.65204,0,954,Westbound,60,,,W
41.8817,41062,-87.65257,0,954,Westbound,61,,,W
41.88167,41062,-87.654,0,954,Westbound,62,,,W
41.88167,41062,-87.65419,0,954,Westbound,63,,,W
41.881735000001,41062,-87.654189000001,7900,954,Westbound,64,460,Madison & Aberdeen ,S
41.88167,41062,-87.65419,0,954,Westbound,65,,,W
41.88167,41062,-87.65436,0,954,Westbound,66,,,W
41.88165,41062,-87.65553,0,954,Westbound,67,,,W
41.88165,41062,-87.65561,0,954,Westbound,68,,,W
41.88164,41062,-87.65612,0,954,Westbound,69,,,W
41.88164,41062,-87.6562,0,954,Westbound,70,,,W
41.88162,41062,-87.65696,0,954,Westbound,71,,,W
41.88166,41062,-87.65715,0,954,Westbound,72,,,W
41.88165,41062,-87.65748,0,954,Westbound,73,,,W
41.881680999999,41062,-87.657482000001,8800,954,Westbound,74,14765,Madison & Racine,S
41.88165,41062,-87.65748,0,954,Westbound,75,,,W
41.88165,41062,-87.65781,0,954,Westbound,76,,,W
41.881633,41062,-87.658473,0,954,Westbound,77,,,W
41.881671,41062,-87.65961,0,954,Westbound,78,,,W
41.881678,41062,-87.659716999999,9414,954,Westbound,79,462,Madison & Throop ,S
41.881655,41062,-87.660337,0,954,Westbound,80,,,W
41.881655,41062,-87.660528,0,954,Westbound,81,,,W
41.881638,41062,-87.660908,0,954,Westbound,82,,,W
41.881647,41062,-87.661592,0,954,Westbound,83,,,W
41.88163,41062,-87.662053,0,954,Westbound,84,,,W
41.881615,41062,-87.662228,10099,954,Westbound,85,463,Madison & Loomis ,S
41.881615,41062,-87.662403,0,954,Westbound,86,,,W
41.881607,41062,-87.662657,0,954,Westbound,87,,,W
41.881615,41062,-87.663563,0,954,Westbound,88,,,W
41.881607,41062,-87.663833,0,954,Westbound,89,,,W
41.881607,41062,-87.664072,0,954,Westbound,90,,,W
41.881583,41062,-87.664517,0,954,Westbound,91,,,W
41.881583000001,41062,-87.664660000001,10763,954,Westbound,92,464,Madison & Laflin,S
41.881583,41062,-87.664835,0,954,Westbound,93,,,W
41.881558,41062,-87.665042,0,954,Westbound,94,,,W
41.881558,41062,-87.665837,0,954,Westbound,95,,,W
41.881535,41062,-87.666075,0,954,Westbound,96,,,W
41.881535,41062,-87.666297,0,954,Westbound,97,,,W
41.88152,41062,-87.66652,0,954,Westbound,98,,,W
41.881520000001,41062,-87.666695000002,11316,954,Westbound,99,465,Madison & Ashland,S
41.88148,41062,-87.667347,0,954,Westbound,100,,,W
41.88148,41062,-87.667568,0,954,Westbound,101,,,W
41.881472,41062,-87.667775,0,954,Westbound,102,,,W
41.881472,41062,-87.668903,0,954,Westbound,103,,,W
41.881455,41062,-87.669095,0,954,Westbound,104,,,W
41.881455000001,41062,-87.669190000002,11999,954,Westbound,105,466,Madison & Paulina,S
41.881417,41062,-87.66973,0,954,Westbound,106,,,W
41.881417,41062,-87.669953,0,954,Westbound,107,,,W
41.881408,41062,-87.670175,0,954,Westbound,108,,,W
41.881417,41062,-87.670413,0,954,Westbound,109,,,W
41.881408,41062,-87.670637,0,954,Westbound,110,,,W
41.881408,41062,-87.671527,0,954,Westbound,111,,,W
41.881392,41062,-87.67202,0,954,Westbound,112,,,W
41.881392000001,41062,-87.672147,12803,954,Westbound,113,15090,Madison & Wood,S
41.881392,41062,-87.672368,0,954,Westbound,114,,,W
41.881385,41062,-87.672592,0,954,Westbound,115,,,W
41.881385,41062,-87.672862,0,954,Westbound,116,,,W
41.881377,41062,-87.673148,0,954,Westbound,117,,,W
41.881377,41062,-87.673465,0,954,Westbound,118,,,W
41.88136,41062,-87.674038,0,954,Westbound,119,,,W
41.88136,41062,-87.674452,0,954,Westbound,120,,,W
41.881385,41062,-87.674530000001,13450,954,Westbound,121,468,Madison & United Center (1900 W),S
41.881392,41062,-87.675118,0,954,Westbound,122,,,W
41.881385,41062,-87.675325,0,954,Westbound,123,,,W
41.881392,41062,-87.676168,0,954,Westbound,124,,,W
41.881385,41062,-87.676358,0,954,Westbound,125,,,W
41.881385000001,41062,-87.676452999998,13973,954,Westbound,126,469,Madison & Damen,S
41.881377,41062,-87.676628,0,954,Westbound,127,,,W
41.881377,41062,-87.676835,0,954,Westbound,128,,,W
41.881352,41062,-87.677582,0,954,Westbound,129,,,W
41.881352,41062,-87.677837,0,954,Westbound,130,,,W
41.881337,41062,-87.678345,0,954,Westbound,131,,,W
41.881337,41062,-87.67879,0,954,Westbound,132,,,W
41.881337000001,41062,-87.678917999998,14649,954,Westbound,133,470,Madison & Hoyne,S
41.881337,41062,-87.679092,0,954,Westbound,134,,,W
41.881305,41062,-87.679633,0,954,Westbound,135,,,W
41.881305,41062,-87.67984,0,954,Westbound,136,,,W
41.881297,41062,-87.680078,0,954,Westbound,137,,,W
41.881297,41062,-87.680268,0,954,Westbound,138,,,W
41.881288,41062,-87.680475,0,954,Westbound,139,,,W
41.881288,41062,-87.680905,0,954,Westbound,140,,,W
41.881282,41062,-87.681158,0,954,Westbound,141,,,W
41.881297,41062,-87.681827,0,954,Westbound,142,,,W
41.881288,41062,-87.681922000001,15469,954,Westbound,143,17599,Madison & Leavitt,S
41.8812,41062,-87.6842,0,954,Westbound,144,,,W
41.8812,41062,-87.6843,0,954,Westbound,145,,,W
41.881242,41062,-87.684304999999,16114,954,Westbound,146,17600,Madison & Oakley,S
41.8812,41062,-87.6843,0,954,Westbound,147,,,W
41.8812,41062,-87.68445,0,954,Westbound,148,,,W
41.88119,41062,-87.68496,0,954,Westbound,149,,,W
41.88119,41062,-87.68516,0,954,Westbound,150,,,W
41.88118,41062,-87.68572,0,954,Westbound,151,,,W
41.88118,41062,-87.68615,0,954,Westbound,152,,,W
41.881236000001,41062,-87.686148999998,16616,954,Westbound,153,473,Madison & Western,S
41.88118,41062,-87.68615,0,954,Westbound,154,,,W
41.88117,41062,-87.68636,0,954,Westbound,155,,,W
41.88117,41062,-87.6865,0,954,Westbound,156,,,W
41.88116,41062,-87.68707,0,954,Westbound,157,,,W
41.88116,41062,-87.68736,0,954,Westbound,158,,,W
41.88115,41062,-87.68849,0,954,Westbound,159,,,W
41.88115,41062,-87.68886,0,954,Westbound,160,,,W
41.881202,41062,-87.688883000001,17349,954,Westbound,161,16087,Madison & Campbell,S
41.88115,41062,-87.68886,0,954,Westbound,162,,,W
41.88114,41062,-87.68931,0,954,Westbound,163,,,W
41.88114,41062,-87.68969,0,954,Westbound,164,,,W
41.88113,41062,-87.68997,0,954,Westbound,165,,,W
41.88113,41062,-87.69105,0,954,Westbound,166,,,W
41.88112,41062,-87.69134,0,954,Westbound,167,,,W
41.88112,41062,-87.69169,0,954,Westbound,168,,,W
41.88111,41062,-87.69176,0,954,Westbound,169,,,W
41.88111,41062,-87.69252,0,954,Westbound,170,,,W
41.881178,41062,-87.692523,18343,954,Westbound,171,17596,Madison & Talman,S
41.88111,41062,-87.69252,0,954,Westbound,172,,,W
41.88111,41062,-87.69296,0,954,Westbound,173,,,W
41.88109,41062,-87.69417,0,954,Westbound,174,,,W
41.88109,41062,-87.69432,0,954,Westbound,175,,,W
41.881169999999,41062,-87.694320000001,18833,954,Westbound,176,17597,Madison & Washtenaw,S
41.88109,41062,-87.69432,0,954,Westbound,177,,,W
41.88109,41062,-87.69509,0,954,Westbound,178,,,W
41.88108,41062,-87.69567,0,954,Westbound,179,,,W
41.88108,41062,-87.69674,0,954,Westbound,180,,,W
41.881137999999,41062,-87.696735000001,19488,954,Westbound,181,14841,Madison & California,S
41.88108,41062,-87.69674,0,954,Westbound,182,,,W
41.88107,41062,-87.69701,0,954,Westbound,183,,,W
41.88107,41062,-87.69798,0,954,Westbound,184,,,W
41.88106,41062,-87.69845,0,954,Westbound,185,,,W
41.881082000001,41062,-87.698451999999,19955,954,Westbound,186,478,Madison & Francisco,S
41.88106,41062,-87.69845,0,954,Westbound,187,,,W
41.88106,41062,-87.69892,0,954,Westbound,188,,,W
41.88105,41062,-87.69927,0,954,Westbound,189,,,W
41.88105,41062,-87.6995,0,954,Westbound,190,,,W
41.88103,41062,-87.70096,0,954,Westbound,191,,,W
41.881058,41062,-87.700963000002,20636,954,Westbound,192,479,Madison & Sacramento,S
41.88103,41062,-87.70096,0,954,Westbound,193,,,W
41.88103,41062,-87.70155,0,954,Westbound,194,,,W
41.88102,41062,-87.70205,0,954,Westbound,195,,,W
41.88102,41062,-87.70278,0,954,Westbound,196,,,W
41.88101,41062,-87.70297,0,954,Westbound,197,,,W
41.88101,41062,-87.70351,0,954,Westbound,198,,,W
41.881073999999,41062,-87.703509000001,21331,954,Westbound,199,480,Madison & Albany ,S
41.88101,41062,-87.70351,0,954,Westbound,200,,,W
41.88101,41062,-87.70367,0,954,Westbound,201,,,W
41.88099,41062,-87.70474,0,954,Westbound,202,,,W
41.88099,41062,-87.70563,0,954,Westbound,203,,,W
41.880985,41062,-87.705875,0,954,Westbound,204,,,W
41.88097,41062,-87.70646,0,954,Westbound,205,,,W
41.88097,41062,-87.70669,0,954,Westbound,206,,,W
41.881048000001,41062,-87.70666,22196,954,Westbound,207,14840,Madison & Kedzie,S
41.88097,41062,-87.70669,0,954,Westbound,208,,,W
41.88096,41062,-87.7071,0,954,Westbound,209,,,W
41.88096,41062,-87.70745,0,954,Westbound,210,,,W
41.88095,41062,-87.70844,0,954,Westbound,211,,,W
41.88095,41062,-87.70851,0,954,Westbound,212,,,W
41.88094,41062,-87.70861,0,954,Westbound,213,,,W
41.881017000001,41062,-87.708607999998,22718,954,Westbound,214,482,Madison & Spaulding,S
41.88094,41062,-87.70861,0,954,Westbound,215,,,W
41.88094,41062,-87.708745,0,954,Westbound,216,,,W
41.88092,41062,-87.71132,0,954,Westbound,217,,,W
41.88092,41062,-87.71147,0,954,Westbound,218,,,W
41.880954999999,41062,-87.711470000001,23500,954,Westbound,219,14766,Madison & Homan,S
41.88092,41062,-87.71147,0,954,Westbound,220,,,W
41.88092,41062,-87.71221,0,954,Westbound,221,,,W
41.88091,41062,-87.71232,0,954,Westbound,222,,,W
41.88091,41062,-87.71251,0,954,Westbound,223,,,W
41.88089,41062,-87.71344,0,954,Westbound,224,,,W
41.88089,41062,-87.71349,0,954,Westbound,225,,,W
41.880946000001,41062,-87.71347,24047,954,Westbound,226,484,Madison & St. Louis,S
41.88089,41062,-87.71349,0,954,Westbound,227,,,W
41.88089,41062,-87.71371,0,954,Westbound,228,,,W
41.88087,41062,-87.71454,0,954,Westbound,229,,,W
41.88087,41062,-87.71557,0,954,Westbound,230,,,W
41.88086,41062,-87.71565,0,954,Westbound,231,,,W
41.880915000001,41062,-87.71565,24632,954,Westbound,232,485,Madison & Central Park,S
41.88086,41062,-87.71565,0,954,Westbound,233,,,W
41.88086,41062,-87.7159,0,954,Westbound,234,,,W
41.88079,41062,-87.72057,0,954,Westbound,235,,,W
41.88083,41062,-87.72069,0,954,Westbound,236,,,W
41.88083,41062,-87.72109,0,954,Westbound,237,,,W
41.880868,41062,-87.721086999998,26125,954,Westbound,238,486,Madison & Hamlin,S
41.88083,41062,-87.72109,0,954,Westbound,239,,,W
41.88083,41062,-87.72122,0,954,Westbound,240,,,W
41.88081,41062,-87.72207,0,954,Westbound,241,,,W
41.88081,41062,-87.722315,0,954,Westbound,242,,,W
41.8808,41062,-87.72304,0,954,Westbound,243,,,W
41.880837,41062,-87.723024999998,26656,954,Westbound,244,487,Madison & Springfield,S
41.8808,41062,-87.72304,0,954,Westbound,245,,,W
41.8808,41062,-87.72326,0,954,Westbound,246,,,W
41.88079,41062,-87.7234,0,954,Westbound,247,,,W
41.88079,41062,-87.72371,0,954,Westbound,248,,,W
41.88076,41062,-87.72549,0,954,Westbound,249,,,W
41.88077,41062,-87.72567,0,954,Westbound,250,,,W
41.88077,41062,-87.72607,0,954,Westbound,251,,,W
41.880831000001,41062,-87.726070999999,27477,954,Westbound,252,15136,Madison & Pulaski,S
41.88077,41062,-87.72607,0,954,Westbound,253,,,W
41.88076,41062,-87.72657,0,954,Westbound,254,,,W
41.88076,41062,-87.72684,0,954,Westbound,255,,,W
41.88074,41062,-87.72812,0,954,Westbound,256,,,W
41.88074,41062,-87.72852,0,954,Westbound,257,,,W
41.880780000001,41062,-87.728525,28143,954,Westbound,258,17164,Madison & Karlov,S
41.88074,41062,-87.72852,0,954,Westbound,259,,,W
41.88074,41062,-87.72857,0,954,Westbound,260,,,W
41.88073,41062,-87.72876,0,954,Westbound,261,,,W
41.88073,41062,-87.72904,0,954,Westbound,262,,,W
41.88072,41062,-87.72987,0,954,Westbound,263,,,W
41.88074,41062,-87.730417,0,954,Westbound,264,,,W
41.880725,41062,-87.73059,0,954,Westbound,265,,,W
41.880725,41062,-87.730988,0,954,Westbound,266,,,W
41.880725000001,41062,-87.731003000001,28819,954,Westbound,267,17165,Madison & Keeler,S
41.880725,41062,-87.731417,0,954,Westbound,268,,,W
41.880708,41062,-87.731592,0,954,Westbound,269,,,W
41.880708,41062,-87.732053,0,954,Westbound,270,,,W
41.8807,41062,-87.732307,0,954,Westbound,271,,,W
41.880725,41062,-87.73342,0,954,Westbound,272,,,W
41.880725000001,41062,-87.733482999999,29497,954,Westbound,273,15851,Madison & Kildare,S
41.880685,41062,-87.73369,0,954,Westbound,274,,,W
41.880685,41062,-87.735232,0,954,Westbound,275,,,W
41.880677,41062,-87.735423,0,954,Westbound,276,,,W
41.8807,41062,-87.735805,0,954,Westbound,277,,,W
41.880700000001,41062,-87.735963000002,30179,954,Westbound,278,17166,Madison & Kostner,S
41.880662,41062,-87.736138,0,954,Westbound,279,,,W
41.880662,41062,-87.736567,0,954,Westbound,280,,,W
41.880637,41062,-87.736853,0,954,Westbound,281,,,W
41.880677,41062,-87.737838,0,954,Westbound,282,,,W
41.880662,41062,-87.738062,0,954,Westbound,283,,,W
41.880662,41062,-87.738252,0,954,Westbound,284,,,W
41.880661999999,41062,-87.738394999999,30841,954,Westbound,285,17167,Madison & Kilbourn,S
41.880637,41062,-87.73865,0,954,Westbound,286,,,W
41.880637,41062,-87.739095,0,954,Westbound,287,,,W
41.88063,41062,-87.739333,0,954,Westbound,288,,,W
41.880637,41062,-87.74054,0,954,Westbound,289,,,W
41.880685000001,41062,-87.740682999999,31465,954,Westbound,290,494,Madison & Kenton ,S
41.880662,41062,-87.741177,0,954,Westbound,291,,,W
41.880662,41062,-87.742512,0,954,Westbound,292,,,W
41.880661999999,41062,-87.742638,31994,954,Westbound,293,495,Madison & Kilpatrick,S
41.88063,41062,-87.743148,0,954,Westbound,294,,,W
41.88063,41062,-87.743353,0,954,Westbound,295,,,W
41.880613,41062,-87.743577,0,954,Westbound,296,,,W
41.880613,41062,-87.743783,0,954,Westbound,297,,,W
41.880605,41062,-87.744007,0,954,Westbound,298,,,W
41.88063,41062,-87.744897,0,954,Westbound,299,,,W
41.880630000001,41062,-87.745103,32666,954,Westbound,300,496,Madison & Cicero,S
41.880622,41062,-87.745293,0,954,Westbound,301,,,W
41.880605,41062,-87.745722,0,954,Westbound,302,,,W
41.880605,41062,-87.745945,0,954,Westbound,303,,,W
41.880565,41062,-87.746883,0,954,Westbound,304,,,W
41.880565,41062,-87.747297,0,954,Westbound,305,,,W
41.88059,41062,-87.747455000001,33308,954,Westbound,306,497,Madison & Lamon,S
41.880527,41062,-87.74798,0,954,Westbound,307,,,W
41.880527,41062,-87.748362,0,954,Westbound,308,,,W
41.880518,41062,-87.7486,0,954,Westbound,309,,,W
41.880518,41062,-87.748807,0,954,Westbound,310,,,W
41.88051,41062,-87.749045,0,954,Westbound,311,,,W
41.88051,41062,-87.749235,0,954,Westbound,312,,,W
41.88047,41062,-87.749442,0,954,Westbound,313,,,W
41.880502,41062,-87.7503,0,954,Westbound,314,,,W
41.880493,41062,-87.750507,0,954,Westbound,315,,,W
41.880493000001,41062,-87.75057,34153,954,Westbound,316,498,Madison & Lavergne,S
41.880455,41062,-87.751222,0,954,Westbound,317,,,W
41.880455,41062,-87.751428,0,954,Westbound,318,,,W
41.88043,41062,-87.751827,0,954,Westbound,319,,,W
41.880455,41062,-87.75224,0,954,Westbound,320,,,W
41.880501999999,41062,-87.752317999998,34634,954,Westbound,321,499,Madison & Leclaire,S
41.880455,41062,-87.752685,0,954,Westbound,322,,,W
41.880455,41062,-87.752875,0,954,Westbound,323,,,W
41.880447,41062,-87.753065,0,954,Westbound,324,,,W
41.880447,41062,-87.753337,0,954,Westbound,325,,,W
41.880438,41062,-87.75359,0,954,Westbound,326,,,W
41.880438,41062,-87.754322,0,954,Westbound,327,,,W
41.88043,41062,-87.754512,0,954,Westbound,328,,,W
41.880455,41062,-87.755323,0,954,Westbound,329,,,W
41.880438,41062,-87.755401999999,35488,954,Westbound,330,14958,Madison & Laramie,S
41.880407,41062,-87.756085,0,954,Westbound,331,,,W
41.880407,41062,-87.757755,0,954,Westbound,332,,,W
41.880407000001,41062,-87.757866999999,36153,954,Westbound,333,17160,Madison & Lockwood,S
41.880383,41062,-87.758312,0,954,Westbound,334,,,W
41.880383,41062,-87.759153,0,954,Westbound,335,,,W
41.880367,41062,-87.759392,0,954,Westbound,336,,,W
41.880383,41062,-87.759773,0,954,Westbound,337,,,W
41.880407,41062,-87.759995000001,36732,954,Westbound,338,502,Madison & Long,S
41.880407,41062,-87.760408,0,954,Westbound,339,,,W
41.88039,41062,-87.7606,0,954,Westbound,340,,,W
41.88039,41062,-87.760838,0,954,Westbound,341,,,W
41.880383,41062,-87.761045,0,954,Westbound,342,,,W
41.880383,41062,-87.762317,0,954,Westbound,343,,,W
41.880382999999,41062,-87.762363000002,37378,954,Westbound,344,17161,Madison & Lotus,S
41.880383,41062,-87.762538,0,954,Westbound,345,,,W
41.88036,41062,-87.764551,0,954,Westbound,346,,,W
41.880358,41062,-87.764685,38002,954,Westbound,347,505,Madison & Central,S
41.880312,41062,-87.766132,0,954,Westbound,348,,,W
41.880312,41062,-87.766322,0,954,Westbound,349,,,W
41.880312,41062,-87.766370000002,38459,954,Westbound,350,506,Madison & Parkside,S
41.880303,41062,-87.766592,0,954,Westbound,351,,,W
41.880303,41062,-87.767117,0,954,Westbound,352,,,W
41.880295,41062,-87.767292,0,954,Westbound,353,,,W
41.880295,41062,-87.767562,0,954,Westbound,354,,,W
41.880287,41062,-87.7678,0,954,Westbound,355,,,W
41.880287000001,41062,-87.767974999999,38895,954,Westbound,356,507,Madison & Waller,S
41.880263,41062,-87.768483,0,954,Westbound,357,,,W
41.880263,41062,-87.769468,0,954,Westbound,358,,,W
41.880255000001,41062,-87.769628000001,39346,954,Westbound,359,508,Madison & Menard,S
41.880223,41062,-87.770232,0,954,Westbound,360,,,W
41.880232,41062,-87.77144,0,954,Westbound,361,,,W
41.880223000001,41062,-87.771630000001,39890,954,Westbound,362,509,Madison & Mayfield,S
41.880217,41062,-87.771695,0,954,Westbound,363,,,W
41.880217,41062,-87.771948,0,954,Westbound,364,,,W
41.880208,41062,-87.772155,0,954,Westbound,365,,,W
41.880208,41062,-87.772393,0,954,Westbound,366,,,W
41.88018,41062,-87.77303,0,954,Westbound,367,,,W
41.88018,41062,-87.77323,0,954,Westbound,368,,,W
41.88017,41062,-87.77339,0,954,Westbound,369,,,W
41.88017,41062,-87.77384,0,954,Westbound,370,,,W
41.88015,41062,-87.77393,0,954,Westbound,371,,,W
41.88015,41062,-87.77435,0,954,Westbound,372,,,W
41.880191999999,41062,-87.774348000002,40629,954,Westbound,373,14800,Madison & Austin,S
41.88015,41062,-87.77435,0,954,Westbound,374,,,W
41.880182,41062,-87.774598,0,954,Westbound,375,,,W
41.880304,41062,-87.77465,0,954,Westbound,376,,,W
41.880562,41062,-87.774598,0,954,Westbound,377,,,W
41.880606,41062,-87.774451,0,954,Westbound,378,,,W
41.880572,41062,-87.774086,0,954,Westbound,379,,,W
41.88047,41062,-87.774067,0,954,Westbound,380,,,W
41.880368999999,41062,-87.774048999999,41062,954,Westbound,381,386,Madison & Austin Terminal,S
41.880368999999,13305,-87.774048999999,0,956,Eastbound,1,386,Madison & Austin Terminal,S
41.880177,13305,-87.774023,0,956,Eastbound,2,,,W
41.880081,13305,-87.773926,0,956,Eastbound,3,,,W
41.880043,13305,-87.773763,0,956,Eastbound,4,,,W
41.88008,13305,-87.77157,0,956,Eastbound,5,,,W
41.880065000001,13305,-87.771567000001,756,956,Eastbound,6,388,Madison & Mayfield,S
41.88008,13305,-87.77157,0,956,Eastbound,7,,,W
41.88011,13305,-87.76998,0,956,Eastbound,8,,,W
41.880112999999,13305,-87.769977999999,1187,956,Eastbound,9,389,Madison & Menard,S
41.88011,13305,-87.76998,0,956,Eastbound,10,,,W
41.88014,13305,-87.76828,0,956,Eastbound,11,,,W
41.880145,13305,-87.768276999999,1649,956,Eastbound,12,390,Madison & Waller,S
41.88014,13305,-87.76828,0,956,Eastbound,13,,,W
41.88017,13305,-87.76688,0,956,Eastbound,14,,,W
41.880177000001,13305,-87.76664,2091,956,Eastbound,15,391,Madison & Parkside,S
41.88017,13305,-87.76664,0,956,Eastbound,16,,,W
41.8802,13305,-87.76441,0,956,Eastbound,17,,,W
41.880136999999,13305,-87.764255000001,2746,956,Eastbound,18,14956,Madison & Central,S
41.8802,13305,-87.7642,0,956,Eastbound,19,,,W
41.88024,13305,-87.762,0,956,Eastbound,20,,,W
41.880255000001,13305,-87.761998000001,3370,956,Eastbound,21,394,Madison & Lotus ,S
41.88024,13305,-87.762,0,956,Eastbound,22,,,W
41.88026,13305,-87.76013,0,956,Eastbound,23,,,W
41.880279999999,13305,-87.760028,3910,956,Eastbound,24,395,Madison & Long,S
41.880303,13305,-87.757977,0,956,Eastbound,25,,,W
41.880303,13305,-87.757832999999,4505,956,Eastbound,26,396,Madison & Lockwood ,S
41.880248,13305,-87.757675,0,956,Eastbound,27,,,W
41.880263,13305,-87.75545,0,956,Eastbound,28,,,W
41.880262999999,13305,-87.755323000001,5191,956,Eastbound,29,397,Madison & Laramie,S
41.880303,13305,-87.754687,0,956,Eastbound,30,,,W
41.880312,13305,-87.75278,0,956,Eastbound,31,,,W
41.88028,13305,-87.752398,5990,956,Eastbound,32,17169,Madison & Leclaire,S
41.880358,13305,-87.752272,0,956,Eastbound,33,,,W
41.880407,13305,-87.74922,0,956,Eastbound,34,,,W
41.880407,13305,-87.749060000002,6914,956,Eastbound,35,17162,Madison & Lavergne,S
41.880438,13305,-87.745182,0,956,Eastbound,36,,,W
41.880438,13305,-87.74496,0,956,Eastbound,37,,,W
41.880383000001,13305,-87.744862999998,8072,956,Eastbound,38,14959,Madison & Cicero,S
41.8805,13305,-87.74487,0,956,Eastbound,39,,,W
41.88054,13305,-87.74302,0,956,Eastbound,40,,,W
41.880425000001,13305,-87.743016,8617,956,Eastbound,41,402,Madison & Kilpatrick,S
41.88054,13305,-87.74302,0,956,Eastbound,42,,,W
41.88054,13305,-87.741523,0,956,Eastbound,43,,,W
41.880464,13305,-87.740893,0,956,Eastbound,44,,,W
41.880438000001,13305,-87.740682999999,9255,956,Eastbound,45,403,Madison & Kenton,S
41.880533,13305,-87.737775,0,956,Eastbound,46,,,W
41.880509999999,13305,-87.737585000001,10091,956,Eastbound,47,17163,Madison & Kilbourn,S
41.880535,13305,-87.735327,0,956,Eastbound,48,,,W
41.880526999999,13305,-87.735088000001,10769,956,Eastbound,49,15848,Madison & Kostner,S
41.880575,13305,-87.733434,0,956,Eastbound,50,,,W
41.880582000001,13305,-87.733198,11281,956,Eastbound,51,406,Madison & Kildare,S
41.880603,13305,-87.730952,0,956,Eastbound,52,,,W
41.880604999999,13305,-87.730702000001,11961,956,Eastbound,53,14500,Madison & Keeler,S
41.880612,13305,-87.727948,0,956,Eastbound,54,,,W
41.880613,13305,-87.727698000001,12777,956,Eastbound,55,15852,Madison & Karlov,S
41.88063,13305,-87.72684,0,956,Eastbound,56,,,W
41.88059,13305,-87.726013,0,956,Eastbound,57,,,W
41.880677000001,13305,-87.725789999999,13305,956,Eastbound,58,409,Madison & Pulaski,S
41.880368999999,41946,-87.774048999999,0,957,Eastbound,1,386,Madison & Austin Terminal,S
41.880177,41946,-87.774023,0,957,Eastbound,2,,,W
41.880081,41946,-87.773926,0,957,Eastbound,3,,,W
41.880043,41946,-87.773763,0,957,Eastbound,4,,,W
41.88008,41946,-87.77157,0,957,Eastbound,5,,,W
41.880065000001,41946,-87.771567000001,756,957,Eastbound,6,388,Madison & Mayfield,S
41.88008,41946,-87.77157,0,957,Eastbound,7,,,W
41.88011,41946,-87.76998,0,957,Eastbound,8,,,W
41.880112999999,41946,-87.769977999999,1187,957,Eastbound,9,389,Madison & Menard,S
41.88011,41946,-87.76998,0,957,Eastbound,10,,,W
41.88014,41946,-87.76828,0,957,Eastbound,11,,,W
41.880145,41946,-87.768276999999,1649,957,Eastbound,12,390,Madison & Waller,S
41.88014,41946,-87.76828,0,957,Eastbound,13,,,W
41.88017,41946,-87.76688,0,957,Eastbound,14,,,W
41.880177000001,41946,-87.76664,2091,957,Eastbound,15,391,Madison & Parkside,S
41.88017,41946,-87.76664,0,957,Eastbound,16,,,W
41.8802,41946,-87.76441,0,957,Eastbound,17,,,W
41.880136999999,41946,-87.764255000001,2746,957,Eastbound,18,14956,Madison & Central,S
41.8802,41946,-87.7642,0,957,Eastbound,19,,,W
41.88024,41946,-87.762,0,957,Eastbound,20,,,W
41.880255000001,41946,-87.761998000001,3370,957,Eastbound,21,394,Madison & Lotus ,S
41.88024,41946,-87.762,0,957,Eastbound,22,,,W
41.88026,41946,-87.76013,0,957,Eastbound,23,,,W
41.880279999999,41946,-87.760028,3910,957,Eastbound,24,395,Madison & Long,S
41.880303,41946,-87.757977,0,957,Eastbound,25,,,W
41.880303,41946,-87.757832999999,4505,957,Eastbound,26,396,Madison & Lockwood ,S
41.880248,41946,-87.757675,0,957,Eastbound,27,,,W
41.880263,41946,-87.75545,0,957,Eastbound,28,,,W
41.880262999999,41946,-87.755323000001,5191,957,Eastbound,29,397,Madison & Laramie,S
41.880303,41946,-87.754687,0,957,Eastbound,30,,,W
41.880312,41946,-87.75278,0,957,Eastbound,31,,,W
41.88028,41946,-87.752398,5990,957,Eastbound,32,17169,Madison & Leclaire,S
41.880358,41946,-87.752272,0,957,Eastbound,33,,,W
41.880407,41946,-87.74922,0,957,Eastbound,34,,,W
41.880407,41946,-87.749060000002,6914,957,Eastbound,35,17162,Madison & Lavergne,S
41.880438,41946,-87.745182,0,957,Eastbound,36,,,W
41.880438,41946,-87.74496,0,957,Eastbound,37,,,W
41.880383000001,41946,-87.744862999998,8072,957,Eastbound,38,14959,Madison & Cicero,S
41.8805,41946,-87.74487,0,957,Eastbound,39,,,W
41.88054,41946,-87.74302,0,957,Eastbound,40,,,W
41.880425000001,41946,-87.743016,8617,957,Eastbound,41,402,Madison & Kilpatrick,S
41.88054,41946,-87.74302,0,957,Eastbound,42,,,W
41.88054,41946,-87.741523,0,957,Eastbound,43,,,W
41.880464,41946,-87.740893,0,957,Eastbound,44,,,W
41.880438000001,41946,-87.740682999999,9255,957,Eastbound,45,403,Madison & Kenton,S
41.880533,41946,-87.737775,0,957,Eastbound,46,,,W
41.880509999999,41946,-87.737585000001,10091,957,Eastbound,47,17163,Madison & Kilbourn,S
41.880535,41946,-87.735327,0,957,Eastbound,48,,,W
41.880526999999,41946,-87.735088000001,10769,957,Eastbound,49,15848,Madison & Kostner,S
41.880575,41946,-87.733434,0,957,Eastbound,50,,,W
41.880582000001,41946,-87.733198,11281,957,Eastbound,51,406,Madison & Kildare,S
41.880603,41946,-87.730952,0,957,Eastbound,52,,,W
41.880604999999,41946,-87.730702000001,11961,957,Eastbound,53,14500,Madison & Keeler,S
41.880612,41946,-87.727948,0,957,Eastbound,54,,,W
41.880613,41946,-87.727698000001,12777,957,Eastbound,55,15852,Madison & Karlov,S
41.88063,41946,-87.72684,0,957,Eastbound,56,,,W
41.88059,41946,-87.726013,0,957,Eastbound,57,,,W
41.880677000001,41946,-87.725789999999,13305,957,Eastbound,58,409,Madison & Pulaski,S
41.880679,41946,-87.725643,0,957,Eastbound,59,,,W
41.880723,41946,-87.72314,0,957,Eastbound,60,,,W
41.880724999999,41946,-87.723030999999,14055,957,Eastbound,61,18047,Madison & Springfield,S
41.880797,41946,-87.720382,0,957,Eastbound,62,,,W
41.880803,41946,-87.720227999998,14817,957,Eastbound,63,17841,Madison & Hamlin,S
41.88086,41946,-87.716207,0,957,Eastbound,64,,,W
41.880812,41946,-87.716094999999,15955,957,Eastbound,65,412,Madison & Central Park,S
41.880868,41946,-87.714665,0,957,Eastbound,66,,,W
41.880852,41946,-87.713838,0,957,Eastbound,67,,,W
41.880851999999,41946,-87.713822000002,16578,957,Eastbound,68,413,Madison & St. Louis,S
41.880907,41946,-87.713345,0,957,Eastbound,69,,,W
41.880955,41946,-87.711755,0,957,Eastbound,70,,,W
41.880915,41946,-87.710675,0,957,Eastbound,71,,,W
41.880923,41946,-87.710562999998,17469,957,Eastbound,72,14764,Madison & Homan,S
41.880897,41946,-87.708916,0,957,Eastbound,73,,,W
41.880892,41946,-87.708702999999,17976,957,Eastbound,74,415,Madison & Spaulding,S
41.880915,41946,-87.706367,0,957,Eastbound,75,,,W
41.880907000001,41946,-87.706320000001,18622,957,Eastbound,76,416,Madison & Kedzie,S
41.880915,41946,-87.705922,0,957,Eastbound,77,,,W
41.880963,41946,-87.704618,0,957,Eastbound,78,,,W
41.880947,41946,-87.703157,0,957,Eastbound,79,,,W
41.880938,41946,-87.703142000002,19492,957,Eastbound,80,417,Madison & Albany ,S
41.880978,41946,-87.70206,0,957,Eastbound,81,,,W
41.880963,41946,-87.700915,0,957,Eastbound,82,,,W
41.880978,41946,-87.700837000001,20121,957,Eastbound,83,15185,Madison & Sacramento,S
41.880978,41946,-87.698483,0,957,Eastbound,84,,,W
41.880978000001,41946,-87.698357000001,20790,957,Eastbound,85,16110,Madison & Francisco,S
41.881003,41946,-87.696119,0,957,Eastbound,86,,,W
41.881002999999,41946,-87.695877000001,21463,957,Eastbound,87,420,Madison & California,S
41.881058,41946,-87.695082,0,957,Eastbound,88,,,W
41.881042,41946,-87.69424,0,957,Eastbound,89,,,W
41.881058000001,41946,-87.694192000001,21921,957,Eastbound,90,421,Madison & Washtenaw,S
41.881067,41946,-87.69246,0,957,Eastbound,91,,,W
41.881067000001,41946,-87.69238,22415,957,Eastbound,92,16088,Madison & Talman,S
41.88112,41946,-87.69169,0,957,Eastbound,93,,,W
41.88114,41946,-87.68904,0,957,Eastbound,94,,,W
41.881041999999,41946,-87.689042000002,23327,957,Eastbound,95,423,Madison & Campbell ,S
41.88114,41946,-87.68904,0,957,Eastbound,96,,,W
41.88118,41946,-87.68592,0,957,Eastbound,97,,,W
41.881113,41946,-87.685917999999,24170,957,Eastbound,98,15364,Madison & Western,S
41.88118,41946,-87.68592,0,957,Eastbound,99,,,W
41.88122,41946,-87.68357,0,957,Eastbound,100,,,W
41.881177999999,41946,-87.683567000001,24807,957,Eastbound,101,425,Madison & Oakley,S
41.88122,41946,-87.68357,0,957,Eastbound,102,,,W
41.88125,41946,-87.68113,0,957,Eastbound,103,,,W
41.881185,41946,-87.68119,25473,957,Eastbound,104,15384,Madison & Leavitt,S
41.88125,41946,-87.68113,0,957,Eastbound,105,,,W
41.88127,41946,-87.67927,0,957,Eastbound,106,,,W
41.881191999999,41946,-87.679266,25977,957,Eastbound,107,427,Madison & Hoyne,S
41.88127,41946,-87.67927,0,957,Eastbound,108,,,W
41.88132,41946,-87.67684,0,957,Eastbound,109,,,W
41.881224000001,41946,-87.676835000001,26638,957,Eastbound,110,428,Madison & Damen,S
41.88132,41946,-87.67684,0,957,Eastbound,111,,,W
41.88135,41946,-87.67474,0,957,Eastbound,112,,,W
41.881256000001,41946,-87.674733,27208,957,Eastbound,113,429,Madison & United Center (1900 W),S
41.88135,41946,-87.67474,0,957,Eastbound,114,,,W
41.88139,41946,-87.67194,0,957,Eastbound,115,,,W
41.881339999999,41946,-87.671939000001,27969,957,Eastbound,116,430,Madison & Wood,S
41.88139,41946,-87.67194,0,957,Eastbound,117,,,W
41.88142,41946,-87.66952,0,957,Eastbound,118,,,W
41.881363000001,41946,-87.669516000001,28628,957,Eastbound,119,431,Madison & Paulina,S
41.88142,41946,-87.66952,0,957,Eastbound,120,,,W
41.88143,41946,-87.6685,0,957,Eastbound,121,,,W
41.881377,41946,-87.668502999999,28904,957,Eastbound,122,4727,1633 W Madison,S
41.88143,41946,-87.6685,0,957,Eastbound,123,,,W
41.88145,41946,-87.66708,0,957,Eastbound,124,,,W
41.881366999999,41946,-87.667081,29291,957,Eastbound,125,432,Madison & Ashland,S
41.88145,41946,-87.66708,0,957,Eastbound,126,,,W
41.88146,41946,-87.66671,0,957,Eastbound,127,,,W
41.88149,41946,-87.66491,0,957,Eastbound,128,,,W
41.88145,41946,-87.66482,0,957,Eastbound,129,,,W
41.88146,41946,-87.66399,0,957,Eastbound,130,,,W
41.881472,41946,-87.663993000001,30135,957,Eastbound,131,15279,Madison & Laflin,S
41.88146,41946,-87.66399,0,957,Eastbound,132,,,W
41.88149,41946,-87.66226,0,957,Eastbound,133,,,W
41.881411,41946,-87.662232,30605,957,Eastbound,134,16049,Madison & Loomis ,S
41.88149,41946,-87.66226,0,957,Eastbound,135,,,W
41.88153,41946,-87.65978,0,957,Eastbound,136,,,W
41.881472,41946,-87.65978,31281,957,Eastbound,137,435,Madison & Throop ,S
41.88153,41946,-87.65978,0,957,Eastbound,138,,,W
41.88158,41946,-87.65732,0,957,Eastbound,139,,,W
41.881520000001,41946,-87.657316999999,31948,957,Eastbound,140,436,Madison & Racine ,S
41.88158,41946,-87.65732,0,957,Eastbound,141,,,W
41.88158,41946,-87.65714,0,957,Eastbound,142,,,W
41.88163,41946,-87.65705,0,957,Eastbound,143,,,W
41.88166,41946,-87.65489,0,957,Eastbound,144,,,W
41.881583,41946,-87.654884999999,32617,957,Eastbound,145,437,Madison & Aberdeen ,S
41.88166,41946,-87.65489,0,957,Eastbound,146,,,W
41.88171,41946,-87.65174,0,957,Eastbound,147,,,W
41.881646,41946,-87.651741000002,33473,957,Eastbound,148,14647,Madison & Morgan,S
41.88171,41946,-87.65174,0,957,Eastbound,149,,,W
41.88174,41946,-87.64989,0,957,Eastbound,150,,,W
41.881681000001,41946,-87.649890000001,33978,957,Eastbound,151,439,Madison & Peoria,S
41.88174,41946,-87.64989,0,957,Eastbound,152,,,W
41.881788,41946,-87.64751,0,957,Eastbound,153,,,W
41.881965,41946,-87.647365,0,957,Eastbound,154,,,W
41.88214,41946,-87.64737,0,957,Eastbound,155,,,W
41.882144000001,41946,-87.647291000001,34767,957,Eastbound,156,440,Halsted & Madison,S
41.88214,41946,-87.64737,0,957,Eastbound,157,,,W
41.88316,41946,-87.6474,0,957,Eastbound,158,,,W
41.88316,41946,-87.64676,0,957,Eastbound,159,,,W
41.883107999999,41946,-87.646762999999,35313,957,Eastbound,160,12754,Washington & Halsted,S
41.88315,41946,-87.64676,0,957,Eastbound,161,,,W
41.88318,41946,-87.6429,0,957,Eastbound,162,,,W
41.883089,41946,-87.642899,36360,957,Eastbound,163,442,Washington & Jefferson,S
41.88318,41946,-87.6429,0,957,Eastbound,164,,,W
41.883189,41946,-87.641383,0,957,Eastbound,165,,,W
41.8831,41946,-87.640173,0,957,Eastbound,166,,,W
41.883087,41946,-87.640023999999,37142,957,Eastbound,167,443,Washington & Canal,S
41.88319,41946,-87.64003,0,957,Eastbound,168,,,W
41.88319,41946,-87.63973,0,957,Eastbound,169,,,W
41.88322,41946,-87.63565,0,957,Eastbound,170,,,W
41.883169,41946,-87.635649000001,38335,957,Eastbound,171,445,Washington & Franklin,S
41.88322,41946,-87.63565,0,957,Eastbound,172,,,W
41.88324,41946,-87.63282,0,957,Eastbound,173,,,W
41.883179000001,41946,-87.632815999998,39103,957,Eastbound,174,446,Washington & Lasalle,S
41.88324,41946,-87.63282,0,957,Eastbound,175,,,W
41.88324,41946,-87.63032,0,957,Eastbound,176,,,W
41.883183,41946,-87.630320000001,39781,957,Eastbound,177,18122,Washington & Clark/Dearborn,S
41.88324,41946,-87.63032,0,957,Eastbound,178,,,W
41.88325,41946,-87.62729,0,957,Eastbound,179,,,W
41.883203,41946,-87.627293,40604,957,Eastbound,180,448,Washington & State,S
41.88322,41946,-87.62729,0,957,Eastbound,181,,,W
41.883243,41946,-87.625895,0,957,Eastbound,182,,,W
41.88325,41946,-87.62553,0,957,Eastbound,183,,,W
41.883204999999,41946,-87.625569,41083,957,Eastbound,184,449,Washington & Wabash,S
41.88325,41946,-87.62553,0,957,Eastbound,185,,,W
41.88323,41946,-87.62452,0,957,Eastbound,186,,,W
41.88211,41946,-87.62448,0,957,Eastbound,187,,,W
41.88211,41946,-87.6249,0,957,Eastbound,188,,,W
41.882155,41946,-87.625147000001,0,957,Eastbound,189,,,W
41.880368999999,40604,-87.774048999999,0,959,Eastbound,1,386,Madison & Austin Terminal,S
41.880177,40604,-87.774023,0,959,Eastbound,2,,,W
41.880081,40604,-87.773926,0,959,Eastbound,3,,,W
41.880043,40604,-87.773763,0,959,Eastbound,4,,,W
41.88008,40604,-87.77157,0,959,Eastbound,5,,,W
41.880065000001,40604,-87.771567000001,756,959,Eastbound,6,388,Madison & Mayfield,S
41.88008,40604,-87.77157,0,959,Eastbound,7,,,W
41.88011,40604,-87.76998,0,959,Eastbound,8,,,W
41.880112999999,40604,-87.769977999999,1187,959,Eastbound,9,389,Madison & Menard,S
41.88011,40604,-87.76998,0,959,Eastbound,10,,,W
41.88014,40604,-87.76828,0,959,Eastbound,11,,,W
41.880145,40604,-87.768276999999,1649,959,Eastbound,12,390,Madison & Waller,S
41.88014,40604,-87.76828,0,959,Eastbound,13,,,W
41.88017,40604,-87.76688,0,959,Eastbound,14,,,W
41.880177000001,40604,-87.76664,2091,959,Eastbound,15,391,Madison & Parkside,S
41.88017,40604,-87.76664,0,959,Eastbound,16,,,W
41.8802,40604,-87.76441,0,959,Eastbound,17,,,W
41.880136999999,40604,-87.764255000001,2746,959,Eastbound,18,14956,Madison & Central,S
41.8802,40604,-87.7642,0,959,Eastbound,19,,,W
41.88024,40604,-87.762,0,959,Eastbound,20,,,W
41.880255000001,40604,-87.761998000001,3370,959,Eastbound,21,394,Madison & Lotus ,S
41.88024,40604,-87.762,0,959,Eastbound,22,,,W
41.88026,40604,-87.76013,0,959,Eastbound,23,,,W
41.880279999999,40604,-87.760028,3910,959,Eastbound,24,395,Madison & Long,S
41.880303,40604,-87.757977,0,959,Eastbound,25,,,W
41.880303,40604,-87.757832999999,4505,959,Eastbound,26,396,Madison & Lockwood ,S
41.880248,40604,-87.757675,0,959,Eastbound,27,,,W
41.880263,40604,-87.75545,0,959,Eastbound,28,,,W
41.880262999999,40604,-87.755323000001,5191,959,Eastbound,29,397,Madison & Laramie,S
41.880303,40604,-87.754687,0,959,Eastbound,30,,,W
41.880312,40604,-87.75278,0,959,Eastbound,31,,,W
41.88028,40604,-87.752398,5990,959,Eastbound,32,17169,Madison & Leclaire,S
41.880358,40604,-87.752272,0,959,Eastbound,33,,,W
41.880407,40604,-87.74922,0,959,Eastbound,34,,,W
41.880407,40604,-87.749060000002,6914,959,Eastbound,35,17162,Madison & Lavergne,S
41.880438,40604,-87.745182,0,959,Eastbound,36,,,W
41.880438,40604,-87.74496,0,959,Eastbound,37,,,W
41.880383000001,40604,-87.744862999998,8072,959,Eastbound,38,14959,Madison & Cicero,S
41.8805,40604,-87.74487,0,959,Eastbound,39,,,W
41.88054,40604,-87.74302,0,959,Eastbound,40,,,W
41.880425000001,40604,-87.743016,8617,959,Eastbound,41,402,Madison & Kilpatrick,S
41.88054,40604,-87.74302,0,959,Eastbound,42,,,W
41.88054,40604,-87.741523,0,959,Eastbound,43,,,W
41.880464,40604,-87.740893,0,959,Eastbound,44,,,W
41.880438000001,40604,-87.740682999999,9255,959,Eastbound,45,403,Madison & Kenton,S
41.880533,40604,-87.737775,0,959,Eastbound,46,,,W
41.880509999999,40604,-87.737585000001,10091,959,Eastbound,47,17163,Madison & Kilbourn,S
41.880535,40604,-87.735327,0,959,Eastbound,48,,,W
41.880526999999,40604,-87.735088000001,10769,959,Eastbound,49,15848,Madison & Kostner,S
41.880575,40604,-87.733434,0,959,Eastbound,50,,,W
41.880582000001,40604,-87.733198,11281,959,Eastbound,51,406,Madison & Kildare,S
41.880603,40604,-87.730952,0,959,Eastbound,52,,,W
41.880604999999,40604,-87.730702000001,11961,959,Eastbound,53,14500,Madison & Keeler,S
41.880612,40604,-87.727948,0,959,Eastbound,54,,,W
41.880613,40604,-87.727698000001,12777,959,Eastbound,55,15852,Madison & Karlov,S
41.88063,40604,-87.72684,0,959,Eastbound,56,,,W
41.88059,40604,-87.726013,0,959,Eastbound,57,,,W
41.880677000001,40604,-87.725789999999,13305,959,Eastbound,58,409,Madison & Pulaski,S
41.880679,40604,-87.725643,0,959,Eastbound,59,,,W
41.880723,40604,-87.72314,0,959,Eastbound,60,,,W
41.880724999999,40604,-87.723030999999,14055,959,Eastbound,61,18047,Madison & Springfield,S
41.880797,40604,-87.720382,0,959,Eastbound,62,,,W
41.880803,40604,-87.720227999998,14817,959,Eastbound,63,17841,Madison & Hamlin,S
41.88086,40604,-87.716207,0,959,Eastbound,64,,,W
41.880812,40604,-87.716094999999,15955,959,Eastbound,65,412,Madison & Central Park,S
41.880868,40604,-87.714665,0,959,Eastbound,66,,,W
41.880852,40604,-87.713838,0,959,Eastbound,67,,,W
41.880851999999,40604,-87.713822000002,16578,959,Eastbound,68,413,Madison & St. Louis,S
41.880907,40604,-87.713345,0,959,Eastbound,69,,,W
41.880955,40604,-87.711755,0,959,Eastbound,70,,,W
41.880915,40604,-87.710675,0,959,Eastbound,71,,,W
41.880923,40604,-87.710562999998,17469,959,Eastbound,72,14764,Madison & Homan,S
41.880897,40604,-87.708916,0,959,Eastbound,73,,,W
41.880892,40604,-87.708702999999,17976,959,Eastbound,74,415,Madison & Spaulding,S
41.880915,40604,-87.706367,0,959,Eastbound,75,,,W
41.880907000001,40604,-87.706320000001,18622,959,Eastbound,76,416,Madison & Kedzie,S
41.880915,40604,-87.705922,0,959,Eastbound,77,,,W
41.880963,40604,-87.704618,0,959,Eastbound,78,,,W
41.880947,40604,-87.703157,0,959,Eastbound,79,,,W
41.880938,40604,-87.703142000002,19492,959,Eastbound,80,417,Madison & Albany ,S
41.880978,40604,-87.70206,0,959,Eastbound,81,,,W
41.880963,40604,-87.700915,0,959,Eastbound,82,,,W
41.880978,40604,-87.700837000001,20121,959,Eastbound,83,15185,Madison & Sacramento,S
41.880978,40604,-87.698483,0,959,Eastbound,84,,,W
41.880978000001,40604,-87.698357000001,20790,959,Eastbound,85,16110,Madison & Francisco,S
41.881003,40604,-87.696119,0,959,Eastbound,86,,,W
41.881002999999,40604,-87.695877000001,21463,959,Eastbound,87,420,Madison & California,S
41.881058,40604,-87.695082,0,959,Eastbound,88,,,W
41.881042,40604,-87.69424,0,959,Eastbound,89,,,W
41.881058000001,40604,-87.694192000001,21921,959,Eastbound,90,421,Madison & Washtenaw,S
41.881067,40604,-87.69246,0,959,Eastbound,91,,,W
41.881067000001,40604,-87.69238,22415,959,Eastbound,92,16088,Madison & Talman,S
41.88112,40604,-87.69169,0,959,Eastbound,93,,,W
41.88114,40604,-87.68904,0,959,Eastbound,94,,,W
41.881041999999,40604,-87.689042000002,23327,959,Eastbound,95,423,Madison & Campbell ,S
41.88114,40604,-87.68904,0,959,Eastbound,96,,,W
41.88118,40604,-87.68592,0,959,Eastbound,97,,,W
41.881113,40604,-87.685917999999,24170,959,Eastbound,98,15364,Madison & Western,S
41.88118,40604,-87.68592,0,959,Eastbound,99,,,W
41.88122,40604,-87.68357,0,959,Eastbound,100,,,W
41.881177999999,40604,-87.683567000001,24807,959,Eastbound,101,425,Madison & Oakley,S
41.88122,40604,-87.68357,0,959,Eastbound,102,,,W
41.88125,40604,-87.68113,0,959,Eastbound,103,,,W
41.881185,40604,-87.68119,25473,959,Eastbound,104,15384,Madison & Leavitt,S
41.88125,40604,-87.68113,0,959,Eastbound,105,,,W
41.88127,40604,-87.67927,0,959,Eastbound,106,,,W
41.881191999999,40604,-87.679266,25977,959,Eastbound,107,427,Madison & Hoyne,S
41.88127,40604,-87.67927,0,959,Eastbound,108,,,W
41.88132,40604,-87.67684,0,959,Eastbound,109,,,W
41.881224000001,40604,-87.676835000001,26638,959,Eastbound,110,428,Madison & Damen,S
41.88132,40604,-87.67684,0,959,Eastbound,111,,,W
41.88135,40604,-87.67474,0,959,Eastbound,112,,,W
41.881256000001,40604,-87.674733,27208,959,Eastbound,113,429,Madison & United Center (1900 W),S
41.88135,40604,-87.67474,0,959,Eastbound,114,,,W
41.88139,40604,-87.67194,0,959,Eastbound,115,,,W
41.881339999999,40604,-87.671939000001,27969,959,Eastbound,116,430,Madison & Wood,S
41.88139,40604,-87.67194,0,959,Eastbound,117,,,W
41.88142,40604,-87.66952,0,959,Eastbound,118,,,W
41.881363000001,40604,-87.669516000001,28628,959,Eastbound,119,431,Madison & Paulina,S
41.88142,40604,-87.66952,0,959,Eastbound,120,,,W
41.88143,40604,-87.6685,0,959,Eastbound,121,,,W
41.881377,40604,-87.668502999999,28904,959,Eastbound,122,4727,1633 W Madison,S
41.88143,40604,-87.6685,0,959,Eastbound,123,,,W
41.88145,40604,-87.66708,0,959,Eastbound,124,,,W
41.881366999999,40604,-87.667081,29291,959,Eastbound,125,432,Madison & Ashland,S
41.88145,40604,-87.66708,0,959,Eastbound,126,,,W
41.88146,40604,-87.66671,0,959,Eastbound,127,,,W
41.88149,40604,-87.66491,0,959,Eastbound,128,,,W
41.88145,40604,-87.66482,0,959,Eastbound,129,,,W
41.88146,40604,-87.66399,0,959,Eastbound,130,,,W
41.881472,40604,-87.663993000001,30135,959,Eastbound,131,15279,Madison & Laflin,S
41.88146,40604,-87.66399,0,959,Eastbound,132,,,W
41.88149,40604,-87.66226,0,959,Eastbound,133,,,W
41.881411,40604,-87.662232,30605,959,Eastbound,134,16049,Madison & Loomis ,S
41.88149,40604,-87.66226,0,959,Eastbound,135,,,W
41.88153,40604,-87.65978,0,959,Eastbound,136,,,W
41.881472,40604,-87.65978,31281,959,Eastbound,137,435,Madison & Throop ,S
41.88153,40604,-87.65978,0,959,Eastbound,138,,,W
41.88158,40604,-87.65732,0,959,Eastbound,139,,,W
41.881520000001,40604,-87.657316999999,31948,959,Eastbound,140,436,Madison & Racine ,S
41.88158,40604,-87.65732,0,959,Eastbound,141,,,W
41.88158,40604,-87.65714,0,959,Eastbound,142,,,W
41.88163,40604,-87.65705,0,959,Eastbound,143,,,W
41.88166,40604,-87.65489,0,959,Eastbound,144,,,W
41.881583,40604,-87.654884999999,32617,959,Eastbound,145,437,Madison & Aberdeen ,S
41.88166,40604,-87.65489,0,959,Eastbound,146,,,W
41.88171,40604,-87.65174,0,959,Eastbound,147,,,W
41.881646,40604,-87.651741000002,33473,959,Eastbound,148,14647,Madison & Morgan,S
41.88171,40604,-87.65174,0,959,Eastbound,149,,,W
41.88174,40604,-87.64989,0,959,Eastbound,150,,,W
41.881681000001,40604,-87.649890000001,33978,959,Eastbound,151,439,Madison & Peoria,S
41.88174,40604,-87.64989,0,959,Eastbound,152,,,W
41.881788,40604,-87.64751,0,959,Eastbound,153,,,W
41.881965,40604,-87.647365,0,959,Eastbound,154,,,W
41.88214,40604,-87.64737,0,959,Eastbound,155,,,W
41.882144000001,40604,-87.647291000001,34767,959,Eastbound,156,440,Halsted & Madison,S
41.88214,40604,-87.64737,0,959,Eastbound,157,,,W
41.88316,40604,-87.6474,0,959,Eastbound,158,,,W
41.88316,40604,-87.64676,0,959,Eastbound,159,,,W
41.883107999999,40604,-87.646762999999,35313,959,Eastbound,160,12754,Washington & Halsted,S
41.88315,40604,-87.64676,0,959,Eastbound,161,,,W
41.88318,40604,-87.6429,0,959,Eastbound,162,,,W
41.883089,40604,-87.642899,36360,959,Eastbound,163,442,Washington & Jefferson,S
41.88318,40604,-87.6429,0,959,Eastbound,164,,,W
41.883189,40604,-87.641383,0,959,Eastbound,165,,,W
41.8831,40604,-87.640173,0,959,Eastbound,166,,,W
41.883087,40604,-87.640023999999,37142,959,Eastbound,167,443,Washington & Canal,S
41.88319,40604,-87.64003,0,959,Eastbound,168,,,W
41.88319,40604,-87.63973,0,959,Eastbound,169,,,W
41.88322,40604,-87.63565,0,959,Eastbound,170,,,W
41.883169,40604,-87.635649000001,38335,959,Eastbound,171,445,Washington & Franklin,S
41.88322,40604,-87.63565,0,959,Eastbound,172,,,W
41.88324,40604,-87.63282,0,959,Eastbound,173,,,W
41.883179000001,40604,-87.632815999998,39103,959,Eastbound,174,446,Washington & Lasalle,S
41.88324,40604,-87.63282,0,959,Eastbound,175,,,W
41.88324,40604,-87.63032,0,959,Eastbound,176,,,W
41.883183,40604,-87.630320000001,39781,959,Eastbound,177,18122,Washington & Clark/Dearborn,S
41.88324,40604,-87.63032,0,959,Eastbound,178,,,W
41.88325,40604,-87.62729,0,959,Eastbound,179,,,W
41.883203,40604,-87.627293,40604,959,Eastbound,180,448,Washington & State,S